(âŠƒâ€¿âŠ‚)	hide
|_ãƒ»)	hide
|ï½¥Ï‰ï½¥ï½€)	hide
ï½œâˆ’ãƒ»;ï¼‰	hide
|Ï‰ãƒ»ï¼‰	hide
â€|Ï‰ï½¥)Ùˆ Ì‘Ì‘à¼‰	hide
( Í’â€¢Â·Ì«|	hide
â”¬â”´â”¬â”´â”¤(ï½¥_â”œâ”¬â”´â”¬â”´	hide
ï¾(ï½¥_|	hide
|â‚‹à¥¢á»Ì¶Ì¶Ì·Ì¥á·…à¹‘)â€§Ëšâº	hide
å·oï½¥-ï½¥)ï¾‰	wave, hide
â”»â”³|ï½¥Ï‰ï½¥)	hide
â”»â”³|ï½¥Ï‰ï½¥)ï¾‰	wave, hide
(*Ïƒá´—Ïƒ)(ã…á´—ã… )ã€€ï½œâ€¸ëˆˆ;)	hide
| à¥‚â€¢à«…Ï‰â€¢Ì)áµáµáµ	hide
ï¼ˆãƒ»âŠãƒ»ï¼‰	bird
ï¼ˆãƒ»âŠãƒ»âˆï¼‰	bird
ï¼ˆãƒ»Î¸ãƒ»ï¼‰	bird
ï¼ˆï¼ â—‡ï¼ ï¼‰	bird
(â€¢âˆ‹â€¢)	bird
ï¼ˆ`ï½¥âŠï½¥Â´ ï¼‰	bird
(`ï½¥âŠï½¥Â´)	bird
(ï½€Î˜Â´)	bird
(Â°<Â°)	bird
ï¼ˆï¾Ÿâˆˆï¾Ÿï¼‰	bird
(â—‰Î˜â—‰)	bird
(â—âˆˆâˆ‹â—)	bird
<ï¼ˆÑ‘ï¼‰>	bird
~~â€¦â€¦ãƒ¾áƒšâˆ©Ğ·â€¦â€¦.~~	bird
âŠ¹â‹›â‹‹( Õà¨Š Õ)â‹Œâ‹šâŠ¹	bird
â—â–¼â—	bird
Ëâ‚â€¢Éâ€¢â‚Ë	bird
Ëâ‚â€¢Êšâ€¢â‚Ë	bird
â™¡(ã‹­ à¨Š ã‹²)â™¡	love, bird
êœ€( ËŠÌ Ë‚ËƒË‹Ì  )êœ†	bird
ê‰‚ (à¹‘Â¯à¨ŠÂ¯)Ïƒ	bird
(â•¯Â°â–¡Â°ï¼‰â•¯ï¸µ â”»â”â”»	table flip
â”¬â”€â”€â”¬â—¡ï¾‰(Â° -Â°ï¾‰)	table flip
(â•¯Â°Ğ”Â°ï¼‰â•¯ï¸µ/(.â–¡ . \)	table flip
(ãƒà² ç›Šà² )ãƒå½¡â”»â”â”»	table flip
(ãƒà²  âˆ©à² )ãƒå½¡( \oÂ°o)\\	table flip
(â•¯Â°â–¡Â°)â•¯ï¸µ ÊooqÇÉ”Éâ„²	table flip
ãƒâ”¬â”€â”¬ãƒ ï¸µ ( \oÂ°o)\\	table flip
/( .â–¡.)\ ï¸µâ•°(ã‚œç›Šã‚œ)â•¯ï¸µ /(.â–¡. /)	table flip
(âˆ¿Â°â—‹Â°)âˆ¿ ï¸µ ÇÊŒol	table flip, love
Ê•ãƒâ€¢á´¥â€¢Ê”ãƒ ï¸µ â”»â”â”»	animal, table flip
(/Â¯â—¡ â€¿ â—¡)/Â¯ ~ â”»â”â”»	table flip
( ï½€o)ï¾‰ï¾‰ â”«	table flip
( ï¾‰o|o)ï¾‰ â”«ï½¡ï¾Ÿ:.:	table flip
ï¼ˆï¼›ï¼ï¼ï¼‰ãƒãƒ â”«ï¼šãƒ»ã‚œâ€™	table flip
(/-o-)/ âŒ’ â”¤	table flip
(/#-_-)/~â”»â”»ã€ƒ	table flip
(/ï½€Î¿Â´)/ âŒ’ â”«:â€™ï¾Ÿ:ï½¡ï½¥,. ã€‚ã‚œ	table flip
ï¼ˆ/ï¼â–¡ï¼œï¼‰/äº äº 	table flip
(/ToT)/ ~â”»â”»	table flip
(/ToT)/_â”«ãƒ»..	table flip
(ãƒ ï¾ŸĞ”ï¾Ÿ)ãƒã€€ï¼ï¼ï¼ï¼ã€€â”»â”â”â”»	table flip
(ãƒ-_-)ãƒ ~â”»â”â”»	table flip
(ãƒ-_-)ãƒ ~â”»â”â”» (/oï¼¼)	table flip
(ï¾‰-_-)ï¾‰ ~â”»â”â”» â˜†`	table flip
(ãƒï¼ï¼¿ï¼ï¼‰ãƒã€€â”«ã€ã€Ÿâˆµ	table flip
ï¼ˆãƒï¼ï¼¿ï¼ï¼‰ãƒãƒ»ãƒ»ãƒ»~~~â”»â”»	table flip
(ãƒ-_-)ãƒãƒ»ãƒ»ãƒ»~~â”»â”â”»	table flip
ï¼ˆãƒï¼ï¼¿ï¼ï¼‰ãƒï½¥ï½¥ï½¥~â”»â”»	table flip
(ãƒ-_-)ãƒ~â”»â”â”»	table flip
(ãƒ-ã€‚-ï¼‰ãƒâ”»â”â”»â˜†(ã€€ã€€^)	table flip
(ãƒ-0-)ãƒã€€â”«âˆµï¼šï¼	table flip
ï¼ˆãƒï¼ï½ï¼ï¼‰ãƒã€€â€â€³â”»â”â”»â˜†ï¼ˆ>â—‹<ï¼‰	table flip
(ï¾‰-ï½-)ï¾‰ ~â”«ï¼šãƒ»â€™.ï¼šï¼šãƒ»	table flip
(ãƒ-o-)ãƒâŒ’â”³ â”«â”»â”£	table flip
(ãƒ-o-)ãƒâ”¸â”¸)`3ã‚œ)ãƒ»;â€™.	table flip
(ï¾‰ï¼›ï¼›)ï¾‰~â”»â”â”»	table flip
(ãƒï¼›oï¼›)ãƒ â”«:ï½¥â€™.::ï½¥â”»â”»:ï½¥â€™.::ï½¥	table flip
(ãƒï¼›Ï‰ï¼›)ãƒ â”«:ï½¥â€™.::ï½¥â”»â”»:ï½¥â€™.::ï½¥	table flip
(ï¾‰*â€™â€â€™)ï¾‰ ï¾ â”¸â”¸	table flip
(ãƒ#-_-)ãƒ ãƒŸã€€â”´â”´	table flip
(ãƒ#-â—‡-)ãƒ ~~~~â”»â”â”»â˜†(x _ x)ãƒ	table flip
ï¼ˆãƒï½€_Â´ï¼‰ï¾‰~~â”´â”´	table flip
(ãƒï½€Â´ï¼‰ãƒãƒŸâ”»â”»	table flip
ãƒToT)ãƒ ~â”»â”»	table flip
(ï¾‰ï½€â–¡Â´)ï¾‰âŒ’â”»â”â”»	table flip
(ãƒï½€ï¼)ãƒ âŒ’â”« â”» â”£ â”³â˜†(x x)	table flip
ãƒï¿£â–¡ï¿£)ãƒ ~â”»â”â”»	table flip
(ãƒï½€mÂ´)ãƒ ~â”»â”â”» (/oï¼¼)	table flip
(ï¾‰ï½€Ğ”)ï¾‰:ãƒ»â€™âˆµ:.â”»â”»	table flip
ï¼ˆï¾‰ï½€Ğ”Â´ï¼‰ï¾‰ï¼ï¼ï¼ï¼ï¼â”»â”»ã€€-ï¼“-ï¼“	table flip
(ï¾‰`Ğ”Â´)ï¾‰.:ï½¥â”»â”»)ï½€Ğ·ã‚œ)ï½¥:ï¾;	table flip
â”»â”â”»ãƒŸï¼¼ï¼ˆâ‰§ãƒ­â‰¦ï¼¼ï¼‰	table flip
(ãƒï¿£ï¼¿ï¿£ï¼‰ãƒã€€â”«ã€ã€Ÿâˆµ	table flip
(ãƒï¿£ï¼¿ï¿£)ãƒï¼¼ã€‚:ãƒ»ã‚›ã€‚	table flip
(ä¸¿>ãƒ­<)ä¸¿ â”¤âˆµ:.	table flip
(ï¾‰ToT)ï¾‰ ï¾ â”¸â”¸	table flip
(ï¾‰ï¿£â–¡ï¿£)ï¾‰ ~â”»â”â”»	table flip
(ãƒï¿£â–½ï¿£)ãƒâ”»â”â”»â˜†)*ï¿£â–¡)ãƒ))	table flip
(ãƒï¿£â—‡ï¿£)ãƒ~â”»â”â”»/(Ã—ã€‚Ã—)	table flip
ï¼ˆãƒï¿£ãƒ¼ï¿£ï¼‰ãƒã€€â”«ï¼šãƒ»â€™.::	table flip
(ãƒï¿£ãƒ¼ï¿£ï¼‰ãƒã€€â”«ã€ã€Ÿâˆµ	table flip
(ãƒ¡â€“)ãƒãƒã€‚ã€‚ã€‚â”»â”»	table flip
(ï¾‰ï¼ï¾Ÿï¾›ï¾Ÿ)ï¾‰ âŒ’â”«:ï½¥â€™.::	table flip
(ãƒï¼oï¼œ)ãƒ â”«:ï½¥â€™.::	table flip
ï¼ˆãƒâ‰§âˆ‡â‰¦ï¼‰ãƒã€€â”«ã€€ã‚œãƒ»âˆµã€‚	table flip
(ï¾‰â‰§âˆ‡â‰¦)ï¾‰ ï¾ â”¸â”¸	table flip
ï¼ˆãƒâ‰§Î¿â‰¦ï¼‰ãƒã€€â”«ã€€ã‚œãƒ»âˆµã€‚	table flip
ï¼ˆãƒâ—‹Ğ”â—‹ï¼‰ãƒï¼ï¼ï¼â” 	table flip
ï¼ˆãƒâ™¯ï½€â–³Â´ï¼‰ãƒ~â€™â”»â”â”»	table flip
ï¼ˆãƒãƒ¼â€ãƒ¼ï¼‰ãƒã€€â”«ã€€ã‚œãƒ»âˆµã€‚	table flip
ï¼ˆãƒTï¼¿T)ãƒ ï¼¾â”»â”â”»	table flip
(ãƒToT)ãƒ ~â”»â”»	table flip
(ãƒToT)ãƒ â”«:ãƒ»â€™.::ãƒ»	table flip
(ï¾‰ToT)ï¾‰ â”«:ï½¥â€™.::ï½¥ï¼¼â”»â”»(ï½¥_ï¼¼)	table flip
(ãƒToT)ãƒ â”«:ãƒ»â€™.::ãƒ»â”»â”»:ãƒ»â€™.::ãƒ»	table flip
(((o(*ï¾Ÿâ–½ï¾Ÿ*)o)))	happy, excited
(â˜…^O^â˜…)	happy, excited
(ï¾‰ï½¥ï½ªï½¥)ï¾‰	dance, excited
ï¼¼ï¼ˆï¼ ï¿£âˆ‡ï¿£ï¼ ï¼‰ï¼	happy, excited
ï¼¼(^â–½^ï¼ )ãƒ	happy, dance, excited
ãƒ¾(@^â–½^@)ãƒ	happy, excited
o((*^â–½^*))o	happy, excited
ï¼¯(â‰§â–½â‰¦)ï¼¯	happy, excited
(((ï¼¼ï¼ˆï¼ vï¼ ï¼‰ï¼)))	happy, excited
(* >Ï‰<)	excited
(*â‰§â–½â‰¦)	happy, excited
(/^â–½^)/	happy, excited
(ï¾‰Â´ãƒ®Â´)ï¾‰*:ï½¥ï¾Ÿâœ§	happy, excited
(ï¾‰â‰§âˆ€â‰¦)ï¾‰	dance, excited
(ï¾‰â—•ãƒ®â—•)ï¾‰*:ãƒ»ï¾Ÿâœ§	excited
\( â€˜Ğ·â€™)/	excited
ï¼¼(*Tâ–½T*)ï¼	cry, happy, excited
ï¼¼ï¼ˆï¼¾â–½ï¼¾ï¼‰ï¼	excited
ï¼¼ï¼ˆï¼´âˆ‡ï¼´ï¼‰ï¼	cry, happy, excited
â˜†*ï½¥ã‚œï¾Ÿï½¥*\(^O^)/*ï½¥ã‚œï¾Ÿï½¥*â˜†	happy, excited
â˜†*:.ï½¡. o(â‰§â–½â‰¦)o .ï½¡.:*â˜†	happy, excited
ãƒ½( â˜…Ï‰â˜…)ãƒ	excited
ãƒ½(;^o^ãƒ½)	happy, dance, excited
ãƒ½(ï¼›â–½ï¼›)ãƒ	cry, happy, excited
ãƒ¾(ã€‚â—•à¸ºâˆ€â—•à¸º)ãƒ	excited
ãƒ¾(ï¼ â€  â–½ â€ ï¼ ï¼‰ãƒ	cry, happy, excited
ãƒ¾(ï¼ ^âˆ‡^ï¼ )ãƒ	happy, dance, excited
ãƒ¾(ï¼ ^â–½^ï¼ )ï¾‰	happy, excited
ãƒ¾ï¼ˆï¼ ï¼¾â–½ï¼¾ï¼ ï¼‰ãƒ	happy, excited
ãƒ¾(ï¼ ã‚œâ–½ã‚œï¼ ï¼‰ãƒ	happy, excited
ãƒ¾(@Â°â–½Â°@)ãƒ	happy, crazy, excited
ãƒ¾(ï¼ Â°â–½Â°ï¼ )ï¾‰	happy, excited
ãƒ½(*â‰§Ï‰â‰¦)ï¾‰	happy, excited
ãƒ½(*âŒ’âˆ‡âŒ’*)ï¾‰	happy, excited
ãƒ½(^ã€‚^)ä¸¿	happy, excited
ãƒ½(ï¼¾Ğ”ï¼¾)ï¾‰	happy, excited
ãƒ½(=^ï½¥Ï‰ï½¥^=)ä¸¿	cat, excited
o(ã€ƒï¼¾â–½ï¼¾ã€ƒ)o	happy, excited
o(^â–½^)o	happy, excited
ï¼¯(â‰§âˆ‡â‰¦)ï¼¯	happy, excited
o(â‰§âˆ‡â‰¦o)	happy, excited
Ğ¾(Ğ¶ï¼â–½ï¼œ)ï½™ â˜†	happy, excited
Ù©(^á´—^)Û¶	excited
(à¹‘>á´—<à¹‘)	excited
Ù©(â€¢Ì¤Ì€áµ•â€¢Ì¤Ìà¹‘)áµ’áµáµáµáµáµ	excited
à­§(ï¹’ï¸ á´—ï¹’ï¸¡)à­¨	excited
Ëšâ‚Š*(ËŠà¥¢oÌ¶Ì¶Ì·Ì¤â—¡à¥oÌ´Ì¶Ì·Ì¤Ë‹à¥¢)*â‚ŠËšâ	excited
âˆ—Ëš(* ËƒÌ¤àµ¬Ë‚Ì¤ *)Ëšâˆ—	laugh, excited
â€¢à¥‚(áµ’Ì´Ì¶Ì·Ï‰áµ’Ì´Ì¶Ì·*â€¢à¥‚) â€‹ )à©­à¥â¾	excited
(â›à¸±à¥¢áµ•â›à¸± à¥¢)âœ©*à³ƒ.â‹†	think, excited
âºâœ§.(ËƒÌ¶ à¥£âŒ£ à¥£Ë‚Ì¶âˆ—Ì€)Éâ¾	excited
Ù©(â—Ë™â–¿Ë™â—)Û¶â€¦â‹†à¸º	excited
*âœ²ï¾Ÿ*ï½¡âœ§Ù©(ï½¥à¸´á´—ï½¥à¸´à¹‘)Û¶*âœ²ï¾Ÿ*ï½¡âœ§	excited
Ïƒ(â‰§Îµâ‰¦ï½)	kiss, excited
Ù©(à¹‘Æ¡à°²Æ¡)Û¶â™¡	love, excited
Ëšâ€§*â™¡à¥¢ËƒÌ¶Ì¤Ì€â—¡Ë‚Ì¶Ì¤Ìâ™¡à¥¢*â€§Ëš	love, excited
( ËƒÌ¶Ï‰Ë‚Ì¶ à«ƒ)	excited
â€(Ù­Â°Ì§Ì§Ì§Ï‰Â°Ì§Ì§Ì§Ù­)	cry, excited
à«®(á¶¿Ì´Íˆá·‡à¥¢à¯°á¶¿Ì´Íˆá·†à¥¢)áƒâœ§	excited
Ù©(Ã³ï½¡Ã²Û¶ â™¡)))â™¬	music, love, excited
âŸâ(É²Ëƒ ËˆÌ«Ì® Ë‚É³)âŸâà·†	excited
(â—Â´âˆ€ï½€â—)	happy
(ï½€ãƒ»Ï‰ãƒ»Â´)â€	happy
(*Â´ãƒ»ï½–ãƒ»)	happy
(âŒ’â–½âŒ’)â˜†	happy
âŠ‚((ãƒ»â–½ãƒ»))âŠƒ	happy, hug
(â‰§âˆ‡â‰¦)/	happy, wave
(Â´âˆ‡ï¾‰ï½€*)ãƒ	happy
ï¼ˆãƒ»â—‡ãƒ»ï¼‰	happy
( Â´ â–½ ` )ï¾‰	happy, wave
ï¼ˆï¼¾_ï¼¾ï¼‰	happy
ï¼ˆï¿£ãƒ¼ï¿£ï¼‰	happy
(*^â–½^*)	happy
(ï¼¾â–½ï¼¾)	happy
ï¼ˆâ€™-â€™*)	happy
âˆ©( ãƒ»Ï‰ãƒ»)âˆ©	happy
ï¼¼ï¼ˆï¼¾ ï¼¾ï¼‰ï¼	happy
ï¼ˆã€€Â´âˆ€ï½€ï¼‰	laugh, happy
(^ï½^)	happy
(â˜†^O^â˜†)	happy
(â˜†^ãƒ¼^â˜†)	happy
(Â´Ï‰ï½€â˜…)	happy
*(*Â´âˆ€ï½€*)â˜†	happy
d=(Â´â–½ï½€)=b	happy, hug
ãƒ½(â€˜ âˆ‡â€˜ )ãƒ	happy, crazy
ï¼ˆ*ï¼¾ãƒ¯ï¼¾*ï¼‰	happy
(Â´âˆ€`)	happy
(Â°â—‡Â°;)	happy
(ã‚œâ–½ã‚œ;)	happy, crazy
(ï¾‰Â´ï½°`)ï¾‰	happy, surrender
ãƒ½(Â´ãƒ¼`)ï¾‰	happy, dance
(ã€€ï¼¾âˆ‡ï¼¾)	happy
ï¼¼( ï½€.âˆ€Â´)ï¼	happy, surrender
(â—âŒ’âˆ‡âŒ’â—)	happy
ãƒ½(ï½€â—‡Â´)/	happy, surrender
ãƒ½(*ãƒ»Ï‰ãƒ»)ï¾‰	happy
ï¼ˆï¼¾Ï‰ï¼¾ï¼‰	happy
ï½¡â—•â€¿â—•ï½¡	happy
âŠ™Ï‰âŠ™	happy
âŠ™â–³âŠ™	happy
âŠ™â–½âŠ™	happy
o (â—¡â€¿â—¡âœ¿)	happy
(â—•â€¿â—•âœ¿)	happy
(âˆ©_âˆ©)	happy
(â€¢à¸´_â€¢à¸´)	happy
(/â€¢à¸´_â€¢à¸´)/	happy
ï¼ˆÎ¦Ï‰Î¦ï¼‰	happy
ï¼ˆ*ï¼¾ï¼¾*)	happy
ï¼ˆï¼¾âŠ†ï¼¾ï¼‰	happy
(-^ã€‡^-)	happy
(ãƒ*ã‚œâ–½ã‚œ*)	happy
ãƒ¾(Â´â–½ï½€;)ã‚	happy, dance, music
(ã‚œâ–¼ã‚œï¼Šï¼‰	happy, crazy
(ï¿£ä¸ªï¿£)	happy
(â€œâŒ’âˆ‡âŒ’â€)	happy
ã¸(ã‚œâˆ‡ã€Â°)ã¸	happy, crazy
ï¼ˆ-ï¼¾ã€‡ï¼¾-ï¼‰	happy, sleep
ï¼ˆï¼ï½™ï¼œï¼‰	laugh, happy
(ãƒ˜ã€‚ãƒ˜)	dead, happy
ï¼ˆï¼¾ï½–ï¼¾ï¼‰	laugh, happy
ãƒ¾(@ã‚œâˆ‡ã‚œ@)ãƒ	happy, crazy
ï¼ˆï¼ Â´ï¼¿ï½€ï¼ ï¼‰	happy, embarassed
(ãƒï¼â–½ï¼œã€‚)ãƒ	laugh, happy
ï¼¼ï¼ˆï¼ ï¼›â—‡ï¼›ï¼ ï¼‰ï¼	cry, happy
ï¼¼(â˜†oâ—)ï¼	happy, crazy
(o;TÏ‰T)o	cry, happy
ï¼ˆâŒ’â–½âŒ’ã‚	happy
â€œãƒ½(Â´â–½ï½€)ãƒâ€	happy, music
ãƒ¾(ï¼ âŒ’ãƒ¼âŒ’ï¼ )ãƒ	fun, happy, wave
Î¨(Â´â–½ï½€)Î¨	happy
ï¼ˆï½–ï¼¾ï¼¿ï¼¾ï¼‰ï½–	happy
(à«€(Î„â—à¸´à±ªâ—Ÿà¸´â€µ)Êƒ)â™¥	happy, love
(âÂ´â—¡`â)*âœ²ï¾Ÿ*	happy
(áƒ¦Ë˜âŒ£Ë˜áƒ¦) â™«ï½¥*:.ï½¡. .ï½¡.:*ï½¥	happy, music
áƒš(â•¹â—¡â•¹áƒš)	fun, happy
(âœ¿â— â€¿â— )	happy
(â—‘â€¿â—)	happy
áƒš(Ìâ—‰â—à±ªâ—Ÿâ—‰â€µáƒš)	happy, love, hug
âœ–â€¿âœ–	dead, happy
(*~â–½~)	happy
(â”€â€¿â€¿â”€)	happy
âˆ©(ï¸¶â–½ï¸¶)âˆ©	happy
(ï¸¶Ï‰ï¸¶)	happy
(âˆ©â–‚âˆ©)	happy
(Â¬â€¿Â¬)	think, happy
(nË˜vË˜â€¢)Â¬	happy
à²¥â€¿à²¥	happy
â‰–â€¿â‰–	dead, happy
Ê˜â€¿Ê˜	fun, happy
â˜†ï¾(o*ï½¥Ï‰ï½¥)ï¾‰	happy, run, wave
(âœŒï¾Ÿâˆ€ï¾Ÿ)â˜	happy
(á…Œá´—á…Œ* )	happy
(;ï¾Â°Â´Ï‰Â°Â´)	happy
Â°Ë–âœ§â—(â°â–¿â°)â—œâœ§Ë–Â°	happy
( Í¡Â° ÍœÊ– Í¡Â°)	think, happy
(â€¢â€¿â€¢)	happy
(âŠ™ãƒ®âŠ™)	happy
(*Â¬*)	happy
(^âˆ‡^)	happy
(ï¼âŒ’â–½âŒ’ï¼)	happy
(â‰¡^âˆ‡^â‰¡)	happy
â‰§(Â´â–½ï½€)â‰¦	happy, music
ï¼ˆâ€ï¼¾â–½ï¼¾â€ï¼‰	happy
(ï¿£â–½+ï¿£*)	happy
(Â°âˆ€Â°)b	happy
(*âŒ’âˆ‡âŒ’*)	happy
(à¹‘â•¹ã£â•¹à¹‘)	happy
â•®(â”€â–½â”€)â•­	whatever
Â¯\_(ãƒ„)_/Â¯	whatever
Ù©(-Ì®Ì®Ìƒ-Ìƒ)Û¶	whatever
ãƒ½ï¼ˆÂ´ãƒ¼ï½€ï¼‰â”Œ	whatever
â”—â”ãƒ½(â€²Ğ”ã€`*)ï¾‰â”Œâ”›	whatever
ãƒ½( Â´Â¬`)ãƒ	whatever
â”—â”ƒãƒ» â–  ãƒ»â”ƒâ”›	whatever
ãƒ¾(Â´Aï½€)ãƒï¾Ÿ	whatever
ãƒ½ï¼ˆãƒ»ï¼¿ãƒ»ï¼›)ãƒ	whatever
ãƒ½(ã€€ï¿£Ğ´ï¿£;)ãƒ	whatever
ï¼¼ï¼ˆã€‡_ï½ï¼‰ï¼	whatever
ãƒ½(ã€‚_Â°)ãƒ	whatever, crazy
ï¼¼(;Â´â–¡ï½€)/	whatever
ãƒ¾(*Â´ãƒ¼`)ãƒ	whatever
ãƒ½(â€˜ãƒ¼`)ãƒ	whatever
ãƒ½(ãƒ¼_ãƒ¼ )ãƒ	whatever
ãƒ½(Â´ï½ï½€ï¼›ï¼‰	whatever
â”(â€˜ï½`ï¼›)â”Œ	whatever
ãƒ½ï¼ˆ*Ï‰ã€‚ï¼‰ãƒ	whatever
(;Â´ãƒ»`)>	whatever
ï¼ˆï¼¾ï½ï¼¾ï¼‰	whatever
Ù©(-Ì®Ì®Ìƒâ€¢Ìƒ)Û¶	whatever
â”(ï¿£ãƒ¼ï¿£)â”Œ	whatever
t(ãƒ„)_/Â¯	whatever
â”(ï¿£ãƒ®ï¿£)â”Œ	whatever
â•°(ã€€Â´â—”ã€€Ï‰ã€€â—” `)â•¯	whatever
à² _à² 	whatever, angry, stare, sad
áƒš(à² _à² áƒš)	whatever
Â¯\(Â°_o)/Â¯	whatever, crazy
â•®(â•¯â–½â•°)â•­	whatever
( c//â€-}{-*\x)	kiss, love
(ï½¡-_-ï½¡ )äºº( ï½¡-_-ï½¡)	love
(â€˜âˆ€â€™â—)â™¡	love
(*Â´âˆ€ï½€*äºº*Â´âˆ€ï½€*)	love
(/^-^(^ ^*)/	love
(Â´ â–½ï½€).ã€‚ï½â™¡	love
(Â´âˆ€ï½€)â™¡	happy, love
ãƒ½(æ„›Â´âˆ€ï½€æ„›)ãƒ	love
(â—â™¡âˆ€â™¡)	love
( Ë˜ Â³Ë˜)â™¥	kiss, love
( Ë˜ Â³Ë˜)â¤	kiss, love
( â‹†â€¢à¸´ á´ˆ-à¸´(áµ•â¥ áµ•â à¥¢)	kiss, love
(ãƒ»_ãƒ»)â¤(-_-)	love
(ï½¡ãƒ»//Îµ//ãƒ»ï½¡)	kiss, love
(ï½¡ï½¥Ï‰ï½¥ï½¡)ï¾‰â™¡	animal, pig, love
(ï½¡â€™â–½â€™ï½¡)â™¡	love
ï¼ˆã€‚Ë‡ âŠ–Ë‡ï¼‰â™¡	love
(ï½¡â™¥â€¿â™¥ï½¡)	love
(* Ë˜âŒ£Ë˜)â—[_]â™¥[_]ãƒ½(â€¢â€¿â€¢ )	love
ï¼ˆ*Â´â–½ï½€*ï¼‰	happy, music, love
ï¼ˆ*ï¼¾3ï¼¾ï¼‰/ï½â™¡	kiss, love
ï¼ˆã€ƒãƒ»Ï‰ãƒ»ã€ƒï¼‰	love
ï¼ˆÂ´ãƒ»ï½€ ï¼‰â™¡	kiss, love
(Â´â–½`ÊƒÆª)â™¡	love
(Â´Îµï½€ )â™¡	kiss, love
ï¼ˆÂ´Ï‰ï½€â™¡%ï¼‰	love
(Ë˜â–¼Ë˜>Ô…( Ë˜âŒ£Æª)	love
(Ë†Ë‡Ë†)-c<Ë˜Ë‘Ë˜)	love
(>â€™oâ€™)> â™¥ <(â€˜oâ€™<)	love
(>^_^)><(^o^<)	love, hug
(âˆ©ËƒoË‚âˆ©)â™¡	love
(â—â€¢á´—â€¢â—)â¤	love
(â™¥Ã³ã‰¨Ã²)ï¾‰â™¡	bear, love
(â™¥Ï‰â™¥ ) ~â™ª	love
(â™¥Ï‰â™¥*)	love
(Æ† Ë˜âŒ£Ë˜)â™¥(Ë˜âŒ£Ë˜ C)	love
(É”Ë† Â³(Ë†âŒ£Ë†c)	kiss, love
(ÊƒÆª Ë˜ Â³Ë˜)	kiss, love
â€(ÊƒÆªË˜ï»¬Ë˜)	kiss, love
(áƒ¦Ë˜âŒ£Ë˜áƒ¦)	love
(ã¥ï¿£ Â³ï¿£)ã¥	kiss, love, hug
(ã£Ë˜Ğ·(Ë˜âŒ£Ë˜ )	kiss, love
(äºº-Ï‰-)ï½¡o.ï¾Ÿï½¡*ï½¥â™¡Good Nightâ™¡ï½¥*ï½¡ï¾Ÿoï½¡(-Ï‰-äºº)	love
â™¡ã€œÙ©(^â–¿^)Û¶ã€œâ™¡	love
â™¡ï½¡ï¾Ÿ.(*â™¡Â´â€¿` äººÂ´â€¿` â™¡*)ï¾Ÿâ™¡ Â°ãƒ»	love
â™¡(*Â´ï½¥Ï‰ï½¥)(ï½¥Ï‰ï½¥`*)â™¡	love
â™¡(*Â´âˆ€ï½€*)äºº(*Â´âˆ€ï½€*)â™¡	love
â™¡(ËƒÍˆ àª¦ Ë‚Íˆ à¼¶ )	love
â™¡Â´ï½¥á´—ï½¥`â™¡	love
â™¡ï¼¾â–½ï¼¾â™¡	love
â™¡ê’°*ï½¥Ï‰ï½¥äººï½¥Ï‰ï½¥*ê’±â™¡	love
â™¡oï½¡.(âœ¿à¸ºï½¡ âœ¿à¸º)	love
â™¡oï½¡(à¹‘à¹â€¿à¸ºà¹à¹‘)ï½¡oâ™¡	love
â™¥(Ë†âŒ£Ë†Ô…)	love
â™¥(âœ¿à¸ºÂ´âˆ€`âœ¿à¸º)ï¾‰	love
â™¥ï¼ˆï¾‰Â´âˆ€`ï¼‰	love
â™¥ï½(â€˜â–½^äºº)	love
â™¥â•£[-_-]â• â™¥	love
âœ¿â™¥â€¿â™¥âœ¿	love
ê’°Ë˜Ì©Ì©Ì©âŒ£Ë˜Ì©Ì©Ì©à¹‘ê’±â™¡	love
ê’°â™¡ËŠÍˆ à¥ê’³ à¥‚Ë‹Íˆê’±.â‘…*â™¡	love
ì›ƒ+ì›ƒ=â¤	love
ä¹‚â¤â€¿â¤ä¹‚	love
( áµ’Ì´Ì¶Ì·Ì¤Ì€à¥Ï‰áµ’Ì´Ì¶Ì·Ì¤Ìà¥‚ )â¤â€	love
â™¡áƒš(-à¼—â€¿à¼—-)áƒšâ™¡	love
â˜†*âœ²ï¾Ÿ*ï½¡(((Â´â™¡â€¿â™¡`+)))ï½¡*ï¾Ÿâœ²*â˜†	love
â™¡áƒšÎ¶(â™›Îµâ™›*Î¶áƒšâ™¡	love
(à·† Í’â€¢âˆ˜Ì¬â€¢ Í’)â—	love
à¥±à¥°â‹†(Ë¶à¥¢â€¾á·„ï¹ƒâ€¾á·…Ëµà¥¢)Óµáµ˜áµáµáµâ™¡â™¡â™¡	think, love
à©¯à¥‚áµ•Ì¤à¥‚ Uà¥’à¥’à¥’à¥’à¥’à­­â„’â„´Ñµâ„¯â¤	love
(â™¡Â´Íˆà¼`Íˆ)à¸…Ë’Ë’	love
(à¹‘â€²á´—â€µà¹‘)ï¼© Láµ’áµ›áµ‰áµ§â‚’áµ¤â™¥	love
â™¡â„’à¸ºâ„´à¸ºÎ½â„¯à¸ºâ™¡	love
(*Â´o`*)Ê–Ë‹Ê–Ë‹Ê–Ë‹ï½â™¡	love
(à¹‘â€¢Ğ·â€¢)))â‹†*â™¡*â‹†à¸º=ÍŸÍŸÍÍ=ÍŸÍŸÍÍ	kiss, love
â™¡+:ï½¡.ï½¡â£Lï¾›VĞâ£ï½¡.ï½¡:+â™¡	love
â€(à¹‘â€²Ú¡â€µà¹‘)Û¶à¥ªà¥ªyÏ‹áµáµÓµâ™¡à¥°â‹†Ì¥	love
( Ë­ÌµÌµÌµÌµÍˆÌâ—¡à¥Í‚Ë­ÌµÌµÌµÍˆÌ€ )Ë‰ÌÌ­â™¡	love
áƒš(Â´â—‰â¥â—‰ï½€áƒš)	kiss, love
(à¹‘ãƒ»Ï‰-)ï½â™¥â€	love
( ï¼¾â—¡ï¼¾)ã£âœ‚â¤	love
ï¼ˆâ—Â´âˆ€ï½€ï¼‰ãƒâ™¡	love
â—Œâ‘…âƒâ—â™¡â‹†â™¡âƒ Ë»Ë³Ë¯â‚‘â™¡âƒâ‹†â—â™¡â‘…âƒâ—Œ	love
(â™¡áµ‰Ì·Íˆà¸±à¥¢Ï‰áµ‰Ì·Íˆà¸±à¥¢ )â€§â‚ŠÂ°â™¡	love
(âœ¿ â™¥â€¿â™¥)	love
à¸… Ì³Í’â€¢Ë‘Ì«â€¢ Ì³Í’à¸…â™¡	love
(ï½¡ãƒ»â€§Ì«ãƒ»ï½¡).*ï¼Šâ™¡	love
(â™¡ËŠÍˆ à¥¢ê’³ à¥¢Ë‹Íˆ)â™ª	love
â™¡+* ÆŠÉ‘É«Ã«*+â™¡	love
(Í’ à¥¢ â€ºâš‡â€¹ à¥¢)Í’à­­â™¡	love
(*Â°âˆ€Â°)=3	love
( à¹‘ á´– á´ˆ á´–)á´– á´‘ á´–à¹‘)â£	kiss, love
(/âˆ‡ï¼¼*)ï½¡oâ—‹â™¡	love
(Û¶â€¢à±ªâ€¢)Û¶â¤Ù©(â€¢à±ªâ€¢Ù©)	love
(áƒ¦Ë˜âŒ£Ë˜)â›à¸±â—¡â›à¸±áƒ¦)	love, hug
(*Â´ Ë˜ `*).ï½¡oO ( â™¡ )	think, love
Â´Íˆ áµ• `Íˆ â™¡Â°â—ŒÌŠ	love
(*â€¢ à¥á´—â€¢à¶°Ì¢â€¢Íˆê„ƒÌ‘â€¢Íˆ à¶°Ì¡à©­à¥â¾â¾Â·Â°â™¡	love
( Â´Íˆ à«¢áœ `Íˆà«¢)ï½¥*â™¡à©­à©‡à§¸â™¡à©­à©‡à§¸â™¡	love
( â€²à¥¢â—¡Ì¶Í‚â€µ à¥¢ )â™¡*.	love
Ë„Ì»â€‰ÌŠÏƒ(ËƒÌ´Íˆâ—¡à¥à¶¸à©ˆà¥†â‹†)Ë„Ì»â€‰ÌŠ~â™¡âƒ›	love
(à­¨à­§â€¢Íˆá´—â€¢Íˆ)â—áµ—Ê±áµƒáµ‘áµàª½*â™¡	love
*â™¡à³«Ì¥Í™*:ãƒ»â„‹É‘ppáƒ§ Ï¢Ó™ÔÔÄ±É²É ï¾Ÿï½¥:* à³«Ì¥Í™â™¡*	love
(â‰šá„Œâ‰š)â„’â„´Ñµâ„¯â¤	love
â—Ÿ( ËŠÌ±Ë‚ËƒË‹Ì± )â—â™¡âƒ›â—Ÿ( ËŠÌ±Ë‚ËƒË‹Ì± )â—	love
(à¹‘à¥”ËƒÌ¶à¥¢â—Ÿâ—â€ŠË‚Ì¶à¥¢à¹‘à¥“)â™¡	love
â‚Õâ—Œâ€²áµ•â€µà¥‚â—Œâ‚â™¡	love
ï¼ˆäººÂ´âˆ€`*ï¼‰	love
( â€¢à¥¢â—¡-à¥¢)-â™¡	happy, love
( à¹‘à¥”Ëƒ à¥¢â€§Ì«Ë‚)à¥¢â™¡Ì·Ëšà¹	love
à¬ª(à¹‘â€¢Ì€á´—-â™¡à¥¢)fà·†r yà·†u*à³¨â‹†*âœ©	love
Ù©(à¹‘â€¢â—¡-à¹‘)Û¶â’½â“¤â’¼â¤	love, hug
ï½(^Ğ·^)-â™¡	kiss, love
ãƒ¾(â—â€™à±ª`â—)ï¾‰ï¾â™¡	love, wave
(â—Â´â–¡`)â™¡	love
áƒš(|||âŒ’Îµãƒ¼|||)áƒš	kiss, love
â€Æª(â™¥ï»¬â™¥)Êƒ	love
áƒ¦ã‚â—¡â•¹)ãƒâ™¡	love
(â€¾Ì´Ì´Í¡Í¡â–¿â€¢â€¾Ì´Ì´Í¡Í¡ÊƒÆª)	love
(à·†â›à¸± à¥â–¿â›à¸±à©¯à¥‚â›à¸±à¥‚ à»’ê’±â¼Â³â‚Œâ‚ƒ	love
â™¡(.â—œÏ‰â—.)â™¡	love
(*â‰§mâ‰¦*)	angry
(>_<)	angry
(,,#ï¾ŸĞ”ï¾Ÿ)	angry
ãƒ½(ï½`çš¿â€²ï½)ï¾‰	angry
o(>< )o	angry
ï½( ><)o	angry
ãƒ½(â‰§Ğ”â‰¦)ãƒ	angry
ï¼ˆï¼Ğ´ï¼œï¼‰	angry
ï¼ˆ;â‰§çš¿â‰¦ï¼‰	angry, sleep
[â—‹ï½¥ï½€Ğ”Â´ï½¥â—‹]	angry
ãƒ½(#`Ğ”Â´)ï¾‰	angry
Î£(-`Ğ”Â´-ï¾‰ï¼›)ï¾‰	angry
(((p(>o<)q)))	angry
(/ï¾ŸĞ”ï¾Ÿ)/	angry
(Â¬Ğ´Â¬ã€‚)	angry
(Â¬ï½¤Â¬)	angry
ï¼ˆï¼›Â¬ï¼¿Â¬)	think, angry
(;Â¬_Â¬)	think, angry
(ï¼›Â¬Ğ´Â¬)	angry
(â‰§Ïƒâ‰¦)	angry
o(-`Ğ´Â´- ï½¡)	angry
ãƒ½(â—-`Ğ”Â´-)ãƒ	angry
(*ï¿£mï¿£)	angry
(Â´Ğ”ï½€)	angry
(ï¼›ï¿£Ğ”ï¿£ï¼‰	angry
(Â¬_Â¬)ï¾‰	angry, wave
(ï¼ƒï½€Ğ´Â´)ï¾‰	angry
(ã€ã‚œãƒ­ã‚œ)ã€	angry, surprised
Î£(â–¼â–¡â–¼ãƒ¡)	angry
(â”â”³â” _ â”â”³â”)	angry
(â”³â—‡â”³)	angry
{{|â””(>o< )â”˜|}}	angry
ï¼¼(ï¼ Oï¼ )ï¼	angry
ï¼ˆâ‰§â–¼â‰¦ï¼›)	angry
ï¼¼(ã€‡Oã€‡)ï¼	angry
s(ãƒ»ï½€ãƒ˜Â´ãƒ»;)ã‚	angry
ï¼ˆâ–¼ã¸â–¼ãƒ¡ï¼‰	angry
ï¼¼(`OÂ´Î¸ï¼	angry
Î¸ï¼¼(ï¼›ï¿¢_ï¿¢)	angry
ãƒ½(ï½€âŒ’Â´ãƒ¡)ãƒ	angry
å‡¸(-0-ãƒ¡)	angry
å‡¸(ï½€â–³Â´ï¼‹ï¼‰	angry
å‡¸(ï½€0Â´)å‡¸	angry
å‡¸(ï½€âŒ’Â´ãƒ¡)å‡¸	angry
ï¼¼(ï½€0Â´)ï¼	angry
-`Ğ´Â´-	angry
(>äºº<)	angry
Ñ‰(à² ç›Šà² Ñ‰)	angry
(ãƒà² ç›Šà² )ãƒ	angry
Ñ‰(à²¥Ğ”à²¥Ñ‰)	angry
o(â‰§oâ‰¦)o	angry
(â‹‹â–‚â‹Œ)	angry
(â—£_â—¢)	angry
á•™(â‡€â€¸â†¼â€¶)á•—	angry, sleep
á•¦(Ã²_Ã³Ë‡)á•¤	angry
( à²  à²  )	angry
(Â¬â–‚Â¬)	angry
(Â¬_Â¬)	think, angry
à²¥âŒ£à²¥	angry
s(ãƒ»ï½€ãƒ˜Â´ãƒ»ï¼›)	angry
áƒš(à² ç›Šà² áƒš	angry
áƒšà² ç›Šà² )áƒš	angry
å‡¸à² ç›Šà² )å‡¸	angry
â•­(à¹‘Â¯Ğ´Â¯à¹‘)â•®	angry
à² â–ƒà² 	angry
t(-_-t)	angry, surrender
ãƒ½(#ï¾ŸĞ”ï¾Ÿ)ï¾‰â”Œâ”›	angry
(Ò‚âŒ£Ì€_âŒ£Ì)	think, angry
â€Í¼(İ“_İ“)Í½	cry, angry
(à²¥âŒ£à²¥)	angry
ï¼ˆ ; ; ï¼‰	sad, cry
(Tï¼¿T)	sad, cry
ï¼ˆ ï¼´Ğ”ï¼´ï¼‰	sad, cry
(ToT)	sad, cry
(ï¼´â–½ï¼´)	sad, cry
(â€˜A`)	sad
ï¼ˆï¼›_ãƒ»ï¼‰A single tearâ€¦	sad
(T_T)	sad, cry
((T.Tï¼› )	sad, cry
(ï¼› T.T))	sad, cry
ï¼ˆï¼›ã¸ï¼šï¼‰	sad, cry
(ãƒĞ”`)ãƒ»ã‚œãƒ»ã€‚	sad, cry
ãƒ»(/Ğ”`)ãƒ»	sad
(Â´ï¼¿ï½€ã€‚)	sad
(Â´Ğ”ï½€ã€‚)	sad
(Â´ï¼¡ï½€ã€‚)	sad
(Â´âˆ©ï½€ã€‚)	sad
ï½¡ï¼šï¾Ÿ(ï½¡ï¾‰Ï‰ï¼¼ï½¡)ï¾Ÿï½¥ï½¡	sad, cry
(â”³Ğ”â”³)	sad, cry
(Â´ï¼›Ğ´ï¼›`)	sad, cry
(*Â´ï¼›ã‚§ï¼›`*)	sad, cry
ï½¡ï½¥ï¾Ÿï¾Ÿï½¥(>Ğ´<)ï½¥ï¾Ÿï¾Ÿï½¥ï½¡	sad, cry
(ã€‚â”°Ï‰â”°ã€‚)	sad, cry
(ã‚œÂ´Ğ”ï½€ã‚œ)	sad
ï¼ˆï½‰Ğ”ï½‰ï¼‰	sad, cry
(Â´ï¼›Ï‰ï¼›`)	sad, cry
ã€‚ï¾Ÿ(ï¾Ÿï¾‰Ğ”ï½€ï¾Ÿ)ï¾Ÿï½¡	sad, cry
ãƒ½(Â´â–¡ï½€ã€‚)ï¾‰	sad
(ï¾ŸÂ´Ğ”ï½€ï¾Ÿ)ï¾Ÿ	sad
{{pÂ´Ğ”ï½€q}}	sad
ãƒ½(â—ï¾ŸÂ´Ğ”ï½€ï¾Ÿâ—)ï¾‰ï¾Ÿ	sad
( p_q)	sad, cry
(â•¯ï¸µâ•°,)	sad, cry
(ä¸ª_ä¸ª)	sad, cry
((Â´Ğ´ï½€))	sad
( â‰§Ğ”â‰¦)	sad
ï½¡ã‚œ(ï½€Ğ”Â´)ã‚œï½¡	sad, cry
p(Â´âŒ’ï½€ï½¡q)	sad
(/â–¡ï¼¼*)ãƒ»ã‚œ	sad, cry
((o(;â–³;)o))	sad, cry
ï¼ˆï¼›ï¿£Ğ´ï¿£ï¼‰	sad, surrender
(ã„’oã„’)	sad, cry
âŠ™ï¸¿âŠ™	sad
o(â•¥ï¹â•¥)o	sad, cry, surrender
o(ï¼›â–³ï¼›)o	sad, cry
(;*â–³*;)	sad, cry
ï¼ˆÂ´ï¼¿ï½€ï¼‰	sad
â•¥ï¹â•¥	sad, cry
(Â´Â°Ì¥Ì¥Ì¥Ì¥Ì¥Ì¥Ì¥Ì¥Ï‰Â°Ì¥Ì¥Ì¥Ì¥Ì¥Ì¥Ì¥Ì¥ï½€)	sad, cry
(âˆ©ï¸µâˆ©)	sad
(ï¸¶ï¸¹ï¸º)	sad
(â•¥_â•¥)	sad, cry
(ã£Ë˜Ì©â•­â•®Ë˜Ì©)ã£	sad, hug
à²¥_à²¥	sad
(TâŒ“T)	sad
( ê’ªĞ”ê’ª)ãƒ	surprised
(((( ;Â°Ğ”Â°))))	surprised
((((ï¼›ã‚œĞ”ã‚œ)))	surprised
ï¼ˆã‚œâ—‡ã‚œï¼‰	surprised
ï¼ˆï¿£â–¡ï¿£ï¼›ï¼‰	surprised, surrender
âˆ‘(O_Oï¼›)	surprised
ï¼¼(>o<)ãƒ	surprised
â”Î£(ï¾ŸĞ”ï¾Ÿ|||)â”	surprised
Î£(ã‚œãƒ­ã‚œ;)	surprised
Î£(ã‚œã‚œ)	surprised
(*ï¾Ÿï¾›ï¾Ÿ)	surprised
Ñ‰(ã‚œãƒ­ã‚œÑ‰)	surprised
(ï¾‰ï¾Ÿ0ï¾Ÿ)ï¾‰~	surprised
âŠ™â–‚âŠ™	surprised
âŠ™ï¼âŠ™	surprised
w(Â°ï½Â°)w	surprised
L(ãƒ»oãƒ»)ã€	surprised
(â—‹oâ—‹)	surprised
ï¼ˆãƒ»â–¡ãƒ»ï¼›ï¼‰	surprised
âˆ‘(;Â°Ğ”Â°)	surprised
(Â´âŠ™Ï‰âŠ™`)ï¼	surprised
\(*0*)/	surprised
(^_^;)	embarassed
(^^ã‚	embarassed
(^^;)	embarassed
(#^.^#)	kiss, embarassed
(â€˜-â€™*)	embarassed
(*^^*)	embarassed
(âŒ’_âŒ’;)	embarassed
(#ï½€ÎµÂ´#ã‚	embarassed
ï¼ˆ*/âˆ‡ï¼¼*ï¼‰	embarassed
(ã€ƒï¿£Ï‰ï¿£ã€ƒã‚	embarassed
(*Â´ï½ªï½€*)	embarassed
(*Â´âˆ€`*)	embarassed
(*Â´_ã‚ï½€)	embarassed
(/Ï‰ï¼¼)	embarassed
(*ï¾‰â–½ï¾‰)	embarassed
(*ï¾‰Ï‰ï¾‰)	embarassed
ï¼ˆ/ï½¡ï¼¼)	embarassed
ï¼ˆã€‚-ï¼¿-ã€‚ï¼‰	embarassed
(#ï¼ã€‚ï¼¼#)	embarassed
(â•¯_â•°)	embarassed
(â•¯à²Šâ•°)	embarassed
(ï¾‰)Â´âˆ€ï½€(ãƒ¾)	embarassed
(*/Ï‰ï¼¼*)	embarassed
\(//âˆ‡//)\\	embarassed
(*ï¾Ÿï½°ï¾Ÿ)ã‚	embarassed
\(///Î£///)\\	embarassed
ï¼ˆ//ï½¥_ï½¥//)	embarassed
(âŠ™ï¹âŠ™âœ¿)	crazy, embarassed
(<o///v>)	embarassed
(Â´ï½¥_ï½¥`)	confused
(â—_â—;)	confused
(ï½€_Â´)ã‚	confused
(â—-â—ï¼›)	confused
(ãƒ»_ãƒ»ãƒ¾	confused
(ï¿£(ã‚¨)ï¿£)ã‚	confused
(-_-)ã‚ã‚›	confused
(â€˜â—‡â€™)?	confused
ãƒ½(ã‚œQã€‚)ãƒï¼Ÿ	confused
(Â´ï½€;) ï¼Ÿ	confused
ã€ãƒ»ãƒ˜ãƒ»?ã€‘	confused
ã€ãƒ»_ãƒ»?ã€‘	confused
( ãƒ»â—‡ãƒ»)ï¼Ÿ	confused
(ã‚œ-ã‚œ)	confused
ãƒ¾(Â´ï½¥ ï½¥ï½€ï½¡)ãƒâ€	confused
ï½¢(ï¾Ÿï¾ï¾Ÿ)	confused
( ?Â´_ã‚ï½€)	confused
o(Â´^ï½€)o	smug, confused
(Â´âˆ’ï½€) ï¾ï½°	confused
(ã€ï¾Ÿãƒ˜ï¾Ÿ)ã€	confused
(â€¢à¸´_â€¢à¸´)?	confused
ã€Œ(Â°ãƒ˜Â°)	confused
(ã€‚ãƒ˜Â°)	crazy, confused
ã€ˆ(ã‚œã€‚ã‚œ)	confused
(ã‚œã€‚ã‚œ)	confused
ãï¼ˆï¼¾_ãƒ»ï¼‰ã‚	confused
(^ï½^;)ã‚	confused
Ù©(Í¡à¹Ì¯Í¡à¹)Û¶	surprised, confused
Ù©(Ì¾â—Ì®Ì®ÌƒÌ¾â€¢ÌƒÌ¾)Û¶	angry, confused
(âŠ™_â—)	crazy, confused
à² _à²°à³ƒ	stare, confused
Ñ‰(ÂºĞ”ÂºÑ‰)	confused
ï´¾Í¡à¹Ì¯Í¡à¹ï´¿	confused
à° _à° 	confused
(â—__â—)	confused
(ï¾Ÿï½°ï¾Ÿ;	confused
(â—Â´Ï‰ï½€â—)ã‚	confused
(ï¼ƒâŒ’âˆ‡âŒ’ï¼ƒ)ã‚	confused
(ãƒ»ãƒ»ã€‚)ã‚	confused
â€âŠ™ï¹â˜‰â€	crazy, confused
(â™ _â™¦)	crazy, confused
(âŠ™_â˜‰)	confused
(âŠ™.â˜‰)7	confused
`(à¹‘ â–³ à¹‘)`*	crazy, confused
(ã€ï¾Ÿï¾›ï¾Ÿ)ï½£	confused
(C_C)	confused
ãƒ¼(ï¿£ï½ï¿£)Î¾	smug
(((ï¿£ã¸ï¿£äº•)	smug
(`ã¸Â´*)ãƒ	smug
(ï¿£^ï¿£)	smug
ï¼ˆï¿£ã¸ï¿£ï¼‰	smug
ï¼ˆï¿£ï½ï¿£;ï¼‰	smug
(ï¿£ã‚§ï¿£;)	smug
(-ã€-)	smug
( ï¼›ï½€ãƒ˜Â´)	smug
(ï¿£Ï‰ï¿£;)	smug
ï¼ˆï½€ï¼¾Â´ï¼‰ãƒ	smug
<(ï¿£ï¸¶ï¿£)>	smug
(=^ï½¥ï½ªï½¥^=)	cat
(=^â€¥^=)	cat
(=^ï½¥^=)	cat
V(=^ï½¥Ï‰ï½¥^=)v	cat
(=ï½€Ï‰Â´=)	cat
o(^ãƒ»xãƒ»^)o	cat
ï¼¼(=^â€¥^)/â€™`	cat
( =â‘ Ï‰â‘ =)	cat
d(=^ï½¥Ï‰ï½¥^=)b	cat
(=ï¼´ã‚§ï¼´=)	cat
(=;ã‚§;=)	cat
(=^ï½¥Ï‰ï½¥^)yï¼	cat
(^-äºº-^)	cat
ãƒ½(^â€¥^=ã‚)	cat, dance
(^ãƒ»Ï‰ãƒ»^ )	cat
(=^-Ï‰-^=)	cat
b(=^â€¥^=)o	cat
(.=^ãƒ»ã‚§ãƒ»^=)	cat
ï¼ˆ=Â´âˆ‡ï½€=ï¼‰	cat
ãƒ¾(=ï¾Ÿï½¥ï¾Ÿ=)ï¾‰	cat
~(=^â€¥^)ãƒ	cat
~(=^â€¥^)/	cat
(=ï½˜ã‚§ï½˜=)	dead, cat
(=ï¼›ã‚§ï¼›=)	cat
(=ï½€ã‚§Â´=)	cat
(^ï½¥oï½¥^)ï¾‰â€	cat
(^._.^)ï¾‰	cat
â””(=^â€¥^=)â”	cat, dance
=â€™â‘ ã€‚â‘ â€™=	cat
ã…‡ã……ã…‡	cat
(ãƒ»âˆ€ãƒ»)	cat
(^äºº^)	cat
(ï¿£(ã‚¨)ï¿£)	bear
(ï½¡ï½¥Ï‰ï½¥ï½¡)	bear
(â—ï½€ï½¥(ï½´)ï½¥Â´â—)	bear
(*ãƒãƒ»Ï‰ãƒ»ï¼‰	bear
å·Â´ï½¥Ï‰ï½¥`å·	bear
( (ï¾Â´Ï‰`ï¾))	bear
ãƒ¾(T(ã‚¨)Tãƒ½)	bear
ï¼¼(ãƒ»ï½€(ï½ª)ãƒ»)/	bear
âŠ‚(Î¿ï½¥ã‰¨ï½¥Î¿ï¼‰âŠƒ	bear
(^(ã‚¨)^)	bear
(^(I)^)	bear
(ï¿£(ï½´)ï¿£)ï¾‰	bear, wave
âŠ‚(ï¿£(å·¥)ï¿£)âŠƒ	bear
âŠ‚(^(å·¥)^)âŠƒ	bear
âŠ‚(ãƒ»(ã‚§)ãƒ»)âŠƒ	bear
(*ï¿£(ï½´)ï¿£*)	bear
ãƒ¾(Â´(ï½´)ï½€ï¾‰ï¾	bear, wave
(ï¼(ï½´)ï¼¼)	bear
âŠ‚(ï¿£(ï½´)ï¿£)âŠƒ	bear
â€œ(`(ã‚¨)Â´)ãƒ	bear, wave
(ï½€(ã‚¨)Â´)ï¾‰	bear
(Ã³ã‰¨Ã²)	bear
(/-(ï½´)-ï¼¼)	bear
(Â´(ã‚¨)ï½€)	bear
ãƒ½(ï¿£(ï½´)ï¿£)ï¾‰	bear
(ï¼ï¿£(ï½´)ï¿£)ï¼	bear
âŠ‚(â—(å·¥)â—)âŠƒ	bear
(â—ï¿£(ï½´)ï¿£â—)	bear
ã€Š/(ï¿£(ï½´)ï¿£)ã‚ã€‹	bear
ââââÊ•à¥â€¢Ì«Í¡â€¢Ê”à¥â˜‚ââââ	bear
(âœªã‰¨âœª)	bear
á¶˜ áµ’á´¥áµ’á¶…	animal, bear
(ãƒ»ï½€Ï‰Â´ãƒ»)	evil
Ïˆ(ï½€âˆ‡Â´)Ïˆ	evil
ï¼ˆï½€ãƒ¼Â´ï¼‰	evil
(ï½¡ï½¥ï½€Ï‰Â´ï½¥ï½¡)	evil
o(ï½€Ï‰Â´*)o	evil
| ï½€Ğ”Â´|	evil
(ï½€ÎµÂ´)	evil
(Ïƒ-`Ğ´ï½¥Â´)	evil
(ï½€Ğ”Â´*)	evil
ï¼ˆ=ï½€ã€œÂ´=ï¼‰	evil
(ï¾’ï½€ï¾›Â´)/	evil
Î¨(ï½€â–½Â´)Î¨	evil
^(#ï½€âˆ€Â´)_Î¨	evil
(*-`Ï‰Â´- )äºº	evil
(Ñ†ï½€Ï‰Â´Ñ†*)	evil
(ï½€âˆ€Â´)Î¨	evil
Ïˆ(*ï½€ãƒ¼Â´)Ïˆ	evil
Î¨(ï½€â—‡Â´)Î¨	evil
â€œÏˆ(ï½€âˆ‡Â´)Ïˆ	laugh, evil
(ãƒ¼ãƒ¼;)	worried
( ï¼›Â´Ğ”ï½€)	worried
ï¼ˆï¼›ï¿£ã‚§ï¿£ï¼‰	worried
ãƒ½(ï¿£Ğ´ï¿£;)ãƒ	worried
(ï¿£â—‡ï¿£;)	worried
ï¼ˆâˆ’ï¼¿âˆ’ï¼›ï¼‰	worried
(~_~;)	worried
((*ã‚œĞ”ã‚œ)ã‚â€	worried
(ï½¥_-ï½¡ )	worried
âŠ™ï¹âŠ™	worried
ãƒŸâ—ï¹â˜‰ãƒŸ	crazy, worried
(-â€™à¹_à¹â€™-)	worried
(âŠ™â€¦âŠ™ )	worried
( Â´â–³ï½€)	worried
(;Â° ãƒ­Â°)	worried
ãƒ½ï¼ˆã‚œãƒ­ã‚œï¼›ï¼‰ãƒ	worried
ï¼ˆÂ°oÂ°ï¼›ï¼‰	worried
ï½¡:ï¾Ÿ*+;(â—Â´ï½¥Ğ´ï½¥`â—);+*ï¾Ÿ:ï½¡	worried
(;Â´Ğ”`)	worried
\(ï¿£â–¡ï¿£)\\	worried
(ï¿£â–¡ï¿£;)!!	worried
(ï¼ ï¿£Ğ”ï¿£ï¼ ï¼›)	worried
(âŠ™ï¸¿âŠ™âœ¿)	worried
(âŠ™â–³âŠ™âœ¿)	worried
(ê’ªâŒ“ê’ª)	worried
Î£(ï¾Ÿï¾›ï¾Ÿï½£)ï½£	worried
Î£ï¼ˆï¾ŸĞ´ï¾Ÿlllï¼‰	worried
(ãƒĞ´ãƒ½)	scared
ãƒ½(ï¾ŸĞ”ï¾Ÿ)ï¾‰	scared
(ï¼ã€‚ï¼¼)	scared
ï¼ˆï¼_ï¼¼ï¼‰	scared
ï¼ˆï¼ï¼ï¼¼ï¼‰	scared
ãƒ˜ï¼ˆã€‚â–¡Â°ï¼‰ãƒ˜	hurt, crazy
(â˜‰Îµã€€âŠ™ï¾‰)ï¾‰	crazy
ï¼¼(â—oâ—‹;)ãƒ	crazy
~(à¹‘Ã±ï¹ âŠ™â˜†)ãƒ	crazy
ãƒ¾ (âœ¿ï¼ï¹ âŠ™ã€ƒ)ãƒ	crazy
ãƒ½(ï½¡ã‚Ï‰ãƒ»ï½¡)ï¾‰	crazy
ãƒ¾(ï½¡ê¿ï¹ê¿)ï¾‰ï¾	crazy
ãƒ½(ã‚œQã€‚)ãƒ	crazy
Î£(â™¡ï¼ ï¹ ï¼ â˜†)ï¾‰â€	crazy
Ñ‰ (*ã…‡â–³ Î¦â˜†)ãƒ	crazy
ãƒ˜ï¼ˆã‚œâ—‡ã€ã‚œï¼‰ãƒ	crazy
ãƒ˜(ã‚œĞ”ã€ã‚œ)ãƒ	crazy, wave
ãƒ˜(Â°â—‡ã€Â°)ãƒ	crazy, wave
â€( à¤–à¤¼à¸·à½²Úâ—Ÿà¾„à¤–à¤¼à¸·à½²)	crazy
ãƒ½(Â°â–½ã€Â°)ï¾‰	crazy
(Ö¼Æ¡Ì‘à·…Ö¼Æ¡Ì‘)	crazy
(ï½¡â˜‰à±ª âŠ™ï½¡)	crazy
Uoï½¥ï½ªï½¥oU	dog
âˆªï½¥Ï‰ï½¥âˆª	dog
Uï½¡ï½¥ï½ªï½¥ï½¡U	dog
â–½ãƒ»Ï‰ãƒ»â–½	dog
â–½ãƒ»ï½—ãƒ»â–½	dog
ï¼µ^çš¿^ï¼µ	dog
ï½–ãƒ»ã€‚ãƒ»ï¼¶	dog
ï¼µï¼´ï½ªï¼´ï¼µ	dog
(^ãƒ»(I)ãƒ»^)	dog
Uãƒ»â™€ãƒ»U	dog
ï½ï¼ˆï¼µãƒ»Ï‰ãƒ»ï¼‰âŠƒ	dog
(^ãƒ»xãƒ»^)	dog
(Uãƒ»xãƒ»U)	dog
â–¼oãƒ»ã‚§ãƒ»oâ–¼	dog
Uï¼¾ã‚§ï¼¾U	dog
Uï¿£ï½°ï¿£U	dog
â”ŒUï½¥ï½ªï½¥Uâ”˜	dog, dance
â””@(ï½¥ï½ªï½¥)@â”	dog, dance, monkey
ãƒ¾(â—Ï‰â—)ãƒ	dog
(ã€“ï¿£(âˆµã‚¨âˆµ)ï¿£ã€“)	dog
>=<	sea creature
>ã‚œ))))å½¡	sea creature
Î¶Â°)))å½¡	sea creature
>_)))å½¡	sea creature
>^)))< ï½ï½	sea creature
(Â°)#))<<	sea creature
ï¼ˆï¼šã€‚ï¼‰ãƒŸ	sea creature
ï¼£ï¼šã€‚ãƒŸ	sea creature
(Q )) >	sea creature
(Â°))<<	sea creature
>Â°))))å½¡	sea creature
â‰§ã€”ã‚œã‚œã€•â‰¦	sea creature
ãƒŸ(ãƒ»ãƒ»)ãƒŸ	sea creature
V=(Â° Â°)=V	sea creature
ï¼œã‚³ï¼šãƒŸ	sea creature
(ã‚œ))<<	sea creature
ãƒŸ[Â°Â°]ãƒŸ	sea creature
ãã‚³:å½¡	sea creature
ãƒŸï¼ï¼ãƒŸ	sea creature
(/)(;,,;)(/)	sea creature
@(oï½¥ï½ªï½¥)@	monkey
@(ï½¡ï½¥oï½¥)@	monkey
@(oï½¥ï½ªï½¥o)@	monkey
@(/oï½¥ï½ªï½¥o)@/	monkey
@(*^ï½ª^)@	monkey
( Â´(00)`)	pig
ãƒ¾(ï¼›ï¾Ÿ(OO)ï¾Ÿ)ï¾‰	pig
ãƒ½(*â€™(OO)â€™)ï¾‰	pig
(ï¿£(oo)ï¿£)ï¾‰	pig, wave
(â—‹ï½€ï¼ˆâ—â—ï¼‰Â´â—‹)ï¾‰	pig
(*â€™(OO)â€™*)	pig
(ï¼›ï¾Ÿ(OO)ï¾Ÿ)	pig
(*Â´(00)`)â€™	pig
ãƒ½(*â€™(OO)â€™)ï¾‰ï¾Ÿ	pig
q(ï¿£(oo)ï¿£)p	pig
ï½¡ï¾Ÿ(ï¾ŸÂ´(00)`ï¾Ÿ)ï¾Ÿï½¡	cry, pig
(ï¿£ï¼ˆâˆï¼‰ï¿£)	pig
(ï¿£(â–½â–½)ï¿£)	pig
(=ï½€(âˆ)Â´=)	pig
ãƒ¾(ï¼ ï¼¾(âˆ)ï¼¾ï¼ )ãƒ	pig
ï¼ˆã€‚_Â°â˜†ï¼¼(- â€“ )	hurt
(ã€‚_ï¼‹)ï¼¼	hurt
((((*ï½¡_ï½¡)_	hurt
(xLx)ãƒ¾	hurt
(ãƒ>ãƒ)	hurt
ï½¢(ï¼ï¼oâ‰¦ï¼)ï¾‰	hurt
/(*Î¹*)ãƒ¾	hurt
ï¼(x~x)ï¼¼	hurt
~(>_<~)	hurt
â”—( â—-ï¹ ï½€ï½¡)ã¥	hurt
â—â˜†ï¼ˆâ™¯Ã—Ã—ï¼‰â”˜	hurt
â˜†ï¿£(ï¼ã€‚â˜†)	hurt
â˜†âŒ’(ï¼ã€‚â‰ª)	hurt
ãƒ˜(>_<ãƒ˜)	hurt
â½â½Æˆ Í¡ (à¥â€‚Ë²Ì¥Ì¥Ì¥Ì Ë±Ì¥Ì¥Ì¥Ì€) à¥â¾â¾	hurt, cry
(à¥‚Ì¯â‹†Ì§ Í•â‹†á·…à¥‚Ì¯ ) à¼˜ËŸ	hurt
Uãƒ»xãƒ»U	rabbit
Uï½¡ï½¥.ï½¥ï½¡U	rabbit
U=ï½¥ x ï½¥=U	rabbit
U=à¹ x à¹=U	rabbit
(,,à¹ â‹ à¹,,)	rabbit
(â€¢ã……â€¢)	rabbit
(à¹á†ºà¹Ï…)	rabbit
(ã…‡ã……ã…‡â€)	rabbit
ï¼(ï½¥ Ã— ï½¥)ï¼¼	rabbit
ï¼(^ x ^)ï¼¼	rabbit
ï¼(^ x ^=)ï¼¼	rabbit
ï¼(=à¹ x à¹=)ï¼¼	rabbit
ï¼(=Â´x`=)ï¼¼	rabbit
ï¼(=âˆµ=)ï¼¼	rabbit
ï¼(=âŒ’xâŒ’=)ï¼¼	rabbit
ï¼(=âœª x âœª=)ï¼¼	rabbit
ï¼(â‰¡ãƒ» x ãƒ»â‰¡)ï¼¼	rabbit
ï¼(â‰§ x â‰¦)ï¼¼	rabbit
ï¼(v x vï½¡)äºº(ï½¡v x v)ï¼¼	rabbit
ï¼(v x v)ï¼¼	rabbit
âŒ’(ãƒ»xãƒ»)âŒ’	rabbit
âŒ’(ï½¡ï½¥.ï½¥ï½¡)âŒ’	rabbit
âŒ’(=ï½¥ x ï½¥=)âŒ’	rabbit
âŒ’(=à¹ x à¹=)âŒ’	rabbit
U Â´ê“ƒ ` U	rabbit
â½â½Ë™ËŸË™â¾â¾	rabbit
( Â°Ì¥Ì¥Ì¥Ì¥Ì¥Ì¥Ì¥Ì¥ËŸÂ°Ì¥Ì¥Ì¥Ì¥Ì¥Ì¥Ì¥Ì¥ )	cry, rabbit
(âËƒá†ºË‚)	rabbit
à«®ââ—œâ€¢Ë•Ì®â€¢â—âáƒ	rabbit
à«®( áµ’ÌŒà«¢à¯°áµ’ÌŒà«¢ )áƒ	rabbit
â€à«®(â‹†â›Ûâ›â‹†)áƒ	rabbit
( à¯Ì“ËŸà¯Ì“)	rabbit
(/ãƒ»ãƒ»)ãƒ	dance
(oÂ´ï½¥_ï½¥)ã£	dance
(ï¾‰*ï¾Ÿï½°ï¾Ÿ)ï¾‰	dance
(ãƒï¿£ãƒ¼ï¿£)ãƒ	dance
ï¼¼(ï¾Ÿï½°ï¾Ÿï¼¼)	dance
â™ª(â”Œãƒ»ã€‚ãƒ»)â”Œ	dance
ãƒ½(ï½¥Ï‰ï½¥ã‚)	dance
ãƒ½(*ï¾Ÿï½°ï¾Ÿ*)ï¾‰	dance
ã€œ(^âˆ‡^ã€œï¼‰	dance
ã€œ(ï¿£â–³ï¿£ã€œ)	dance
ã€‚(âŒ’âˆ‡âŒ’ã€‚)	dance
( ï¾‰^Ï‰^)ï¾‰ï¾Ÿ	dance
ï¼ˆã€œ^âˆ‡^)ã€œ	dance
(ã€œï¿£â–³ï¿£)ã€œ	dance
(ã€‚âŒ’âˆ‡âŒ’)ã€‚	dance
â‚â‚ â—(ãƒ»Ï‰ãƒ»)â—Ÿ â¾â¾	dance
((â”Œ|o^â–½^o|â”˜))â™ª	dance
(*ï¾‰Â´â–¡`)ï¾‰	dance
(Ë‡_Ë‡â€) Æª(Ë˜âŒ£Ë˜)â” Æª(Ë˜âŒ£Ë˜)Êƒ â”Œ(Ë˜âŒ£Ë˜)Êƒ	dance
(~â€¾âŒ£â€¾)~	dance
(~â€¾â–¿â€¾)~	dance
(~â€™.â€™)~	dance
(~ï¿£â–½ï¿£)~	dance
(~Ë˜â–¾Ë˜)~	dance
(â”Œï¾ŸĞ´ï¾Ÿ)â”Œ	dance
(o^^)o	dance
(ï¾‰ï½¥oï½¥)ï¾‰	dance
(ãƒâ€¥)ãƒ	dance
(ãƒÂ´ï¼¿ã‚ï½€ï¼‰ãƒ	dance
(ãƒ^_^)ãƒ	dance
(ãƒ^o^)ãƒ	dance
(ãƒï¿£Ï‰ï¿£)ãƒ	dance
(ãƒÂ°Î¿Â°)ãƒ	dance
(ï¾‰ï¾Ÿâ–½ï¾Ÿ)ï¾‰	dance
ã€ˆ( ^.^)ãƒ	dance
\(._.\\) Æª(â€˜-â€™ Æª)(Êƒ â€˜-â€™)Êƒ (/._.)/	dance
ï¼¼(^Ï‰^ï¼¼)	dance
~(â€¾âŒ£â€¾~)	dance
~(â€¾â–¿â€¾)~	dance
~(â€¾â–¿â€¾~)	dance
~(â€˜.â€™~)	dance
~(Ë˜â–¾Ë˜)~	dance
~(Ë˜â–¾Ë˜~)	dance
â”Œ(ãƒ»ã€‚ãƒ»)â”˜â™ª	dance
â”Œ(Ë˜âŒ£Ë˜)Êƒ	dance
â”Œï¼ˆâ˜…ï½â˜†ï¼‰â”˜	dance
â”Œ(ï¾ŸĞ´ï¾Ÿ)â”˜	dance
â”Œ|ã‚œĞ·ã‚œï½œâ”˜	dance
â”Œ|Â°Ğ·Â°|â”˜	dance
â”((ï¼ï¿£(ï½´)ï¿£=))â”›	dance
â”(ï½€ãƒ¼Â´)â”›	dance
â”(ï¼¾0ï¼¾)â”›	dance
â”(ï¾ŸĞ´ï¾Ÿâ”)	dance
â””(^o^)â”	dance
â””ï¼ˆâ˜…ï½â˜…ï¼‰â”	dance
â””(ï¾ŸĞ´ï¾Ÿ)â”	dance
â””ï½œã‚œÎµã‚œï½œâ”	dance
â””|Â°ÎµÂ°|â”	dance
â”—(ï½€ãƒ¼Â´)â”“	dance
â”—(ï¼¾0ï¼¾)â”“	dance
â™ª((â””|o^â–½^o|â”))	dance
ãƒ½( Â°â—‡Â°)ãƒ	dance
ãƒ¾(-_- )ã‚	dance
ãƒ¾(ï½¥Ï‰ï½¥*)ï¾‰	dance
ãƒ¾(*Â´âˆ‡`)ï¾‰	dance
ãƒ½(*Â´Ğ”ï½€*)ï¾‰	dance
ãƒ¾ï¼ˆ*âŒ’ãƒ®âŒ’*ï¼‰ã‚	dance
ãƒ¾(*Ğ´*)ï¾‰	dance
ãƒ¾(^ ^ã‚	dance
ãƒ¾(^^ã‚)	dance
ãƒ½(Â°â—‡Â° )ãƒ	dance
ãƒ¾(ï¾Ÿâˆ€ï¾Ÿã‚)	dance
ãƒ¾(âŒâ– _â– )ãƒâ™ª	fun, dance
ãƒ½(âŒâ– _â– )ãƒâ™ªâ™¬	dance
ãƒ½(ï¾Ÿï½°ï¾Ÿ*ãƒ½)	dance
o(^^o)	dance
Æª(â€¾.â€¾â€œ)â”	dance
Æª(Ë˜âŒ£Ë˜)â”	dance
Æª(Ë˜âŒ£Ë˜)Êƒ	dance
ãƒ˜(^_^ãƒ˜)	fun, happy, dance
ãƒ˜(^o^ãƒ˜)	dance
ãƒ˜(ï¿£ãƒ¼ï¿£ãƒ˜)	dance, surrender
ãƒ˜(ï¿£Ï‰ï¿£ãƒ˜)	dance
(Æ†Ë˜âŒ£Ë˜)(Ë˜âŒ£Ë˜)Ë˜âŒ£Ë˜ C)	hug
(ã¥ï½¡â—•â€¿â€¿â—•ï½¡)ã¥	kiss, hug
ï¼¼(^o^)ï¼	music, hug
Ù©ê’° Ë˜ Â³Ë˜ê’±Û¶â’½â“¤â’¼â™¥â™¡Ì·â™¡Ì·	hug
(â•¯3â•°)	kiss
(-Îµ- )	kiss, love
(TÎµT)	kiss
âœ§Ë–Â°ËˆÂ·*Îµ-(à¹‘ËƒÌÎµË‚Ì€à¹‘ )	kiss
|(ï¿£3ï¿£)|	kiss
|Â°Ğ·Â°|	kiss, love
Ïµ( â€˜Î˜â€™ )Ï¶	kiss
ì• â£âƒ›áƒ¦ÑÎ¼Ñ‚Ñ‘áƒ¦â™¡(Ë˜áµ‹ Ë˜ )	kiss
ï¼ˆï¼¿Îµï¼¿ï¼‰	kiss
ï¼ˆã€‚Ë‡ âŠ–Ë‡ï¼‰	kiss
(â€˜Îµâ€™)	kiss
ï¼ˆï¼ ãƒ¼Îµãƒ¼ï¼ ï¼‰	kiss, love
ï¼ˆ*ï¼¾3ï¼¾ï¼‰	kiss, love
ï¼ˆ*ï¼¾3ï¼¾ï¼‰/ï½â˜†	kiss
(*ï¿£Ğ·ï¿£)	kiss
(Â´Îµï½€*)	kiss
ï¼ˆï¿£Îµï¿£ï¼ ï¼‰	kiss
(~ï¿£Â³ï¿£)~	kiss
(â—‹Â´3ï½€)ï¾‰	kiss, wave
ï¼ˆâ—‹ã‚œÎµï¼¾â—‹ï¼‰	kiss, wink
(â˜†Â´3ï½€)	kiss
(Î˜ÎµÎ˜;)	kiss
(Î¦Ğ·Î¦)	kiss
(à¥*Â´Ğ—`)à¥‚â£	kiss
ï½(^Ğ·^)-â˜†	kiss
ãƒ½(*Â´Ğ·ï½€*)ï¾‰	kiss, music
(â‰¡Îµâ‰¡ï¼›)	kiss
(ã€‚Â´âœ·à¸ºĞ—âœ·à¸º)ãƒ»;ã‚›.:â€™;ã€	kiss
(ã€‚â‰–Ë‡3Ë‡â‰–ï½¡)	kiss
(ã£Ë˜Ğ·Ê•â€¢Ì«Í¡â€¢Ê”cĞ½Ï‹à·†*	kiss
ãƒ¾(â›Îµâ›â€œ)Êƒ	kiss
(à¹‘áµ•à¥¢à«©áµ•à¥¢)*à±¨Ëšàµ—	kiss
â™¡Â´Íˆà¥¢ áµŒË‹Íˆà¥¢ê‰§Â´Íˆà¥¢áµ‹ Ë‹Íˆà¥¢â™¡	kiss
<à¤¬â‚â‚( ËƒÌ—Îµà¥‚Ë‚ )â‚â‚<à¤¬	kiss
( Ë˜â€¢à«©â€¢Ë˜ ).ï½¡oà®‡	kiss
Ë“( Ë¶ â› ê â› Ë¶ )Ë’Ë’	kiss
(*Â´è‰¸`*)	laugh
(â—Â´è‰¸`)	laugh
ï½¡ï¾Ÿ(Tãƒ®T)ï¾Ÿï½¡	laugh
( Â´è‰¸ï½€)	laugh
ï¼ˆãƒ»âˆ€ãƒ»ï¼‰	laugh
(ï¼›-â—à±ªâ—Ÿ-)	laugh
(ï½¡ >è‰¸<)	laugh
(*ãƒ»è‰¸ãƒ»)	laugh
(*â‰§â–½â‰¦)ï¾‰ï½¼))	laugh
(*â‰§è‰¸â‰¦)	laugh
ï¼ˆâŒ’â–½âŒ’ï¼‰	laugh
(â—ãƒ®â—)	laugh
Ê•Ì¡Ì¢Ì¡Ì¡Ì¢Ì¡Ì¡Ì¢â™¡áµ’Ì´Ì·Íˆè‰¸áµ’Ì´Ì·Íˆà¥°Ê”Ì¢Ì¡Ì¢Ì¢Ì¡Ì¢Ì¢Ì¡Ì¢âœ§	laugh
Î£ (à©­à¥ àº¶à¨Š àº¶)à©­à¥â¾â¾	laugh
(á—’á—œá—•)Õ›ÌµÌ–	laugh
(* Ëšá·„ è‰¸ Ëšá·… *)	laugh
âˆ—Ëšà³«Ë³(â—á´–Í™Ìá´—à¥¢á´–Í™Ì‹â—)Ë³à³«Ëšâˆ—	laugh
(à©­à¥ à´±Ì† Ë’Ì«Ì® à´±Ì¥)à©­à¥â¾â¾	laugh
(ËƒÌ´Ì€á„‡à¥¢Ë‚Ì´Ì âˆ—)	laugh, think
ï¼¿ï¾‰ä¹™(ï½¤ï¾ï½¤)_	sleep
(Â´ã€œï½€*) zzz	sleep
(Î¹Â´Ğ”ï½€)ï¾‰	sleep
_(ï¼š3 ã€âˆ  )_	sleep
_(â”ã€ŒÎµ:)_	sleep
- =ÍŸÍŸÍÍ (Â¦3[â–“â–“])	sleep
( -_-)>c[_]	sleep
(_ _)ãƒ¾(â€˜ãƒ­â€˜)	sleep
(-_-) zzz	sleep
(-, â€“ )â€¦zzzZZZ	sleep
(-ï½ª-)ï½¡o	sleep
(;Â´Ï`)	sleep
(:3[â–“â–“â–“â–“â–“â–“â–“â–“]	sleep
(ã€‚-Ï‰-)zzz	sleep
â‚â‚ á••( ï½¥á·„á½¢ï½¥á·… )á•—â¾â¾	sleep
â‚â‚ á••(Â´ Ï‰` )á•—â¾â¾	sleep
ï¼ˆ)Â´Ğ´`(ï¼‰	sleep
(*-Ï‰-)	sleep
(*Â´Î¿`*)	sleep
(Â´ï½`)	sleep
ï¼ˆÂ´â–¡ï½€å·ï¼‰	sleep
(oÂ´Ğ”`)	sleep
(á´—Ë³á´—)	sleep
(áµ•â‰€ Ì áµ• )	sleep
ï¼»(ï¼ï¼)ï¼½zzz	sleep
{zzz}Â°Â°Â°( -_-)>c[_]	sleep
ã€:ÎµÏ‰	sleep
ï¼¼ï¼ˆÂ´ï¼¯ï½€ï¼‰ï¼	sleep
ï¼¼(oï¿£âˆ‡ï¿£o)/	sleep
Ë“(Â¦:É[â–“â–“]	sleep
âˆ‘(ï¿£â–¡ï¿£)	sleep
ãƒ¾(ã€‚ï¿£â–¡ï¿£)ï¾‚	sleep
ãƒ¾(ï¿£â–¡ï¿£;)ï¾‰	sleep
ãƒ¾(ï¿£0ï¿£ï¼› )ãƒ	sleep
Æª(â€¾ï¿£oï¿£â€)Êƒ	sleep
Æª(Î„â—à¸´Ûâ—Ÿà¸´â€µ)Êƒ	sleep
(:Ë’[ï¿£]	sleep
(âˆªï½¡âˆª)ï½¡ï½¡ï½¡zzz	sleep
(â–°Ë˜oË˜â–°)	sleep
Îµ-(Â´ãƒ»ï½€)	sleep
Î£(ï¿£ã€‚ï¿£ãƒ)ãƒ	sleep
(â‰šá„Œâ‰š)Æ¶Æµ	sleep
(-Î¹_- )))ã€‚ã€‚ã€‚	sleep
Ù©(Â´Ğ”` ;)Û¶:.*	sleep
â€Ù©(ËŠá—œË‹*)Ùˆ	sleep
â€*ï½¡Ù©(ËŠÏ‰Ë‹*)Ùˆâœ§*ï½¡	sleep
â™ªÙ©(âœ¿â€²á—œâ€µâœ¿)Û¶â™ª	music
(à¹‘Â´â–¿ï½€à¹‘)â™«â€¢*Â¨*â€¢.Â¸Â¸â™ªâœ§	music
(*Â´âˆ€ï½€)ï¾‰â˜Šà¸º â–‚à¸º â–ƒà¸º â–„à¸º â–…à¸º â–†à¸º â–‡à¸º â–ˆ	music
(ï¼›â—”à¸´Ğ·â—”à¸´)ï½â™ªâ™¬	music
(((*Â°â–½Â°*)å…«(*Â°â–½Â°*)))â™ª	music
(*ï¿£0ï¿£)Î¸ï½â™ª	music
(*ã‚œâ–½ã‚œãƒãƒã‚›â˜†	music
(*âŒ’â–½âŒ’*)Î¸ï½â™ª	music
(\Ë³Ë˜ ÉœË˜)Ë³ â™¬â™ªâ™«	music
(Â´â–³ï½€)â™ª	music
(Â´â–½ï½€)ãƒâ™ª	music
(Â´0ï¾‰ï½€*)	music
ï¼ˆ^[]ï¼¾ï¼‰ï¼â™ª	music
ï¼ˆï¼¾3ï¼¾â™ª	music
ï¼ˆï¼¾ï¼¯ï¼¾â˜†â™ª	music
(ï¾‰Â´â–½ï½€)ï¾‰â™ª	music
(ï¾‰> â—‡ <)ï¾‰â™ª	music
ï½¢(;Â´Î£ ï½€ã€ƒ)ãƒ˜	music
Ë³/(Ë˜Îµ Ë˜)â™¬â™ªâ™«	music
â”(ãƒ»ã€‚ãƒ»â”) â™ª	music
â™ª( Â´Î¸ï½€)ãƒ	music
â™ª(Â´Îµï½€ )	music
â™ªâ™ª(o*ã‚œâˆ‡ã‚œ)oï½â™ªâ™ª	music
â™ªâ™ª)>Ñˆ=(^ã€‚^ )	music
â™ªãƒ½( âŒ’oâŒ’)äºº(âŒ’-âŒ’ )v â™ª	music
â™¬â™ªâ™« ãƒ¾(*ãƒ»ã€‚ãƒ»)ï¾‰ â™¬â™ªâ™«	music
â™¬â™«â™ªâ—–(â—ã€‚â—)â——â™ªâ™«â™¬	music
ãƒ¾(ãƒ»â—‡ãƒ»)ï¾‰Î¸ï½â™ª	music
ãƒ½(Â´ãƒ»ï½€)ï¾‰	music
ãƒ¾(Â´â–¡ï½€* )ãƒ	music
ãƒ½(Â´â–½ï½€ï¼›)/â™ª	music
ãƒ¾(Â´ã€‡ï½€)ï¾‰	music
ãƒ¾(Â´Ïï½€)ã€ƒ	music
ãƒ½(Â´Ğ”ï½€)äºº(Â´Ğ”ï½€)äºº(Â´Ğ”ï½€)ãƒ	music
ãƒ½(Â´Ğ”ï½€ãƒ½	music
â™ª~â™ª ãƒ½à»’(âŒ’oâŒ’)à¥­ï¾‰ â™ª~â™ª	music
(à·†â›à¸±â–¿â›à¸±ÊƒÆª)â™©Â°:::	music
â™¬Ëšâ€§â—Ÿâ‚â—Œâ€² à¥„â€µâ—Œâ‚â—â€¢Ëšâ™¬	music
âœ¿â™¬ï¾Ÿ+.(ï½¡â—¡â€¿â—¡)â™ª.+ï¾Ÿâ™¬âœ¿ã€‚	music
â™ª(oÂ´â–½ï½€o)ï¾‰	music
ãƒ½(â—‹Â´âˆ€`)ï¾‰â™ª	music
ãƒ½ï½€ã€ãƒ½ï½€ãƒ½(*ï¿£oï¿£*)>ãƒ½ï½€ã€ãƒ½ï½€	music
â™ª(à¹‘á´–â—¡á´–à¹‘)â™ª	music
Ê•â€¢Ì«Í¡â€¢Ê”â™¬âœ§	music
â™¬â™©Ë‚â‚Í”â½Ë†â°Ë†â¾â‚Í”Ëƒ ÍŸÍŸÍÍâ‰£ÍŸ ÍŸÍŸÍÍË‚â‚Í•â½Ë†â°Ë†â¾â‚Í•Ëƒâ™ªâ™«	music
á’„â‚â½Ë†â°Ë†â¾â‚á’ƒâ™ªâ™¬	music
â™ª(o^0^)oâ™ª	music
â™ªï½(Â´Îµï½€ã€€)	music
( à¸‡ Â´â—‡ï½€)à¸‡â™ª	music
(Â¬Ï‰Â¬)	think
( Â¬_Â¬)	think
(âˆ©âŒ£Ì€_âŒ£Ì)	think
(ÊƒâŒ£Ì,âŒ£ÌÆª)	think
<(Â¬ï¼¿Â¬<)	think
m(ï¿¢0ï¿¢)m	think, sorry
(ï¼â€¸áƒš)	sad, think
(â€¢á·‰à¥Îµ à¥‚â€¢á·ˆ,)	think
à¹à¤› à©‚à¤›à¹	think
ëˆˆ_ëˆˆ	think
Î£(-á·…_-á·„à¹‘)	think
(.ï¹’ï¸£ï¸¿ï¹’ï¸£.)	think
( ï½¥á·„ã…‚ï½¥á·… )	think
( áµ•Ìà«¢â€§Ì®áµ•Ì€à«¢)â€§ÌŠÂ·*	think
(à¹‘â€¢Ì†à«©â€¢Ì†)	think
(,, ï½¥âˆ€ï½¥)ï¾‰ã‚›	wave
(;-_-)/	wave, surrender
(ï½¡ï½¥Ï‰ï½¥)ï¾‰ï¾	wave
(ã€‚ï½¥Ğ´ï½¥)ï¾‰ï¾	wave
(ï½¡Â´âˆ€ï½€)ï¾‰	wave
(/ãƒ»0ãƒ»)	wave
(Â´ãƒ»Ï‰ãƒ»)ï¾‰	wave
(ï¿£âˆ  ï¿£ )ï¾‰	wave
(=ï¾ŸÏ‰ï¾Ÿ)ãƒ	wave
(ãƒ^âˆ‡^)	wave
ï¼¼(Â°oÂ°ï¼›ï¼‰	wave
ãƒ½(Â´ï½¥Ï‰ï½¥`)ï½¤	wave
( ãƒ»_ãƒ»)ãƒ	wave
( ï½¥Ï‰ï½¥)ï¾‰	wave
( ^_^)ï¼	wave
ï¼ˆ ã‚œÏã‚œ)ãƒ	wave
( ï¾Ÿâ–½ï¾Ÿ)/	wave
(;-_-)ãƒ	wave, surrender
(ã€‚-Ï‰-)ï¾‰	wave, surrender
(ã€‚^_ãƒ»)ãƒ	wink, wave
(*^ï½¥ï½ªï½¥)ï¾‰	wave
(*ï¼¾â–½ï¼¾)ï¼	wave
(*ï¿£ï¼¯ï¿£)ãƒ	wave
(^ Q ^)/	wave
(^-^*)/	wave
(^o^)/	wave
(ï¿£â–½ï¿£)ãƒ	wave
(=ï¾ŸÏ‰ï¾Ÿ)ï¾‰	wave
(oãƒ»ãƒ»o)/	wave
(oÂ´Ï‰`o)ï¾‰	wave
(ï¾‰Â´âˆ€ï½€*)ï¾‰	wave
@(oãƒ»ã‚§ãƒ»)@ãƒ	wave
ï¼¼( ï½¥_ï½¥)	wave
ï¼¼(-_- )	wave
ï¼¼(-o- )	wave, surrender
ï¼¼ï¼ˆï¼¾âˆ€ï¼¾ï¼‰ãƒ¡ï¼ˆï¼¾âˆ€ï¼¾ï¼‰ãƒ	wave
ï¼¼(ï¼¾â–½ï¼¾*)	wave
ï¼¼(ï¿£Oï¿£)	wave
~(ï¼¾â—‡^)/	wink, wave
~ãƒ¾ ï¼¾âˆ‡ï¼¾	wave
~ãƒ¾(ï¼¾âˆ‡ï¼¾)	wave
â•­(Â°ï¾›Â°â€)â•¯	wave
ãƒ¼( Â´ â–½ ` )ï¾‰	wave
ãƒ¾( â€˜ â€“ â€˜*)	wave
ãƒ¾(-_-;)	wave, surrender
ãƒ½(ï½¥âˆ€ï½¥)ï¾‰	wave
ãƒ¾(ï½¥Ï‰ï½¥`ï½¡)	wave
ãƒ¾(ãƒ»Ï‰ãƒ»ï½)	wave
ãƒ¾(ï½¡ï½¥Ï‰ï½¥ï½¡)	wave
ãƒ¾(ï½¡Â´ï½¥_â—ï½¥`ï½¡)â˜†	wave
ãƒ½(à¹âˆ€à¹ )ï¾‰	wave
ãƒ¾(Â´ï½¥Ï‰ï½¥ï½€)	wave
ãƒ¾(Â´ï¿¢ï½€)ï¾‰	wave
ãƒ¾(ï¼¾-ï¼¾)ãƒ	wave
ãƒ¾(ï¼¾âˆ‡ï¼¾)	wave
ãƒ½(ï¼¾â–½ï¼¾)äºº(ï¼¾â–½ï¼¾)äºº(ï¼¾â–½ï¼¾)ï¾‰	wave
ãƒ½(ï¾Ÿâ—‡ï¾Ÿ )ï¾‰	wave
ãƒ¾(â—œâ–¿â€¾ ä¸‰ â€¾â–¿â—)ï¾‰	wave
ãƒ¾(â˜†â–½â˜†)	wave
ãƒ˜(â€˜â—‡â€™ã€)/	wave
ãƒ˜(Â°ï¿¢Â°)ãƒ	wave
ãƒ¾(oï¾Ÿï½˜ï¾Ÿo)ï¾‰	wave
(^ _ ^)/	wave
(ã€‚ï½¥âˆ€ï½¥)ï¾‰	wave
ä¸”_(ï¾Ÿâ—‡ï¾Ÿï¼›)ãƒï¾	wave
ï¾(ï¾Ÿâˆ€ï¾Ÿ*)ï¾‰	wave
(ï½¥ï½ª-)	wink
(ï¼ï½âŒ’)	wink
ï¼ˆï¼¾ï¼¿ï¼ï¼‰	wink
(^_-)	wink
ï¼ˆï¼¾_-ï¼‰	wink
ï¼ˆï¼¾ï¼¿ï¼ï¼‰â‰¡â˜…	wink
ï¼ˆï¼¾ï¼¿ãƒ»ï¼‰	wink
ï¼ˆï¼¾ï¼¿âˆ’ï¼‰	wink
(^_âˆ’)â˜†	wink
(âŒ’.âˆ’)ï¼â˜…	wink
(oâ€¿âˆ©)	wink
ï¼¼ï¼ˆ^ï¼ï¼¾ï¼‰ï¼	wink
à¹[-à¸´_â€¢à¸´]à¹	animal, wink, monkey
â˜†ï½ï¼ˆã‚ã€‚âˆ‚ï¼‰	wink
d(-_^)	fun, wink
ï½ï¼ˆï¼¿ã€€ï¼¿ï¼›ï¼›ï½	dead, sorry
_:(Â´â–¡`ã€ âˆ ):_	sorry
(ã‚·_ _)ã‚·	sorry
ï¼ˆï¾‰Â´Ğ´ï½€ï¼‰	sorry
<(_ _)>	sorry
ï¼œ(ã€‚_ã€‚)ï¼	sorry
m(_ _)m	sorry
m(._.)m	sorry
ï½ï¼ˆï¼ï¼¿ï¼ï¼‰ï½	sorry
ãƒ»ã‚œãƒ»(ãƒĞ”`)	cry
.ãƒ»ã‚œã‚œãƒ»ï¼ˆï¼ã€‚ï¼¼ï¼‰ãƒ»ã‚œã‚œãƒ»ï¼	cry
(oT-T)å°¸	cry, surrender
.Â·Â´Â¯`(>â–‚<)Â´Â¯`Â·.	cry
ï½¡ï½¥ï¾Ÿãƒ¾(âœ¦à°¥ ï½ª à°¥)ï¾‰ï½¡ï¾Ÿï½¥ï½¡	cry
ã€‚ï¼šã‚œ(ï¼›Â´âˆ©ï½€ï¼›)ã‚œï¼šã€‚	cry
ï½¡ï¾Ÿ( ï¾Ÿà®‡â€¸à®‡ï¾Ÿ)ï¾Ÿï½¡	cry
(-Ì©Ì©-Ì©Ì©Í¡_-Ì©Ì©-Ì©Ì©Í¡)	cry
(-Ì©Ì©Ì©-Ì©Ì©Ì©-Ì©Ì©Ì©-Ì©Ì©Ì©-Ì©Ì©Ì©___-Ì©Ì©Ì©-Ì©Ì©Ì©-Ì©Ì©Ì©-Ì©Ì©Ì©-Ì©Ì©Ì©)	cry
(*Â´Â°Ì¥Ì¥Ì¥Ì¥Ì¥Ì¥Ì¥Ì¥ï¹Â°Ì¥Ì¥Ì¥Ì¥Ì¥Ì¥Ì¥Ì¥ )äºº(Â´Â°Ì¥Ì¥Ì¥Ì¥Ì¥Ì¥Ì¥Ì¥Ï‰Â°Ì¥Ì¥Ì¥Ì¥Ì¥Ì¥Ì¥Ì¥ï½€)	cry
(/ _ ; )	cry, surrender
(Â´ï¼›Ğ”ï¼›ï½€)	cry
ï¼ˆÏ€ãƒ¼Ï€ï¼‰	cry
(à®‡ï¹à®‡`ï½¡)	cry
à¼¼ à¼àº¶ à·´ à¼àº¶à¼½	cry, troll
à¼¼ à¼à¼àºµà½»à¼¾ï¾ à¼à¼àºµà½»à¼¾à¼¾à¼½à¼½	cry, troll
â£â—• â€¿ â—•â£	cry
o(Tãƒ˜To)	cry
(ã€€-Ì¥Ì¥Ì¥Ì¥Ì¥Ì¥Ì¥Ì¥Ì¥Ì¥Ì¥Ì¥Ì¥Ì¥Ì¥Ì¥Ì¥Ì¥Ì¥Ì¥Ì¥Ì¥Ì¥Ì¥Ì¥á·„â—Ï‰â—Ÿ-Ì¥Ì¥Ì¥Ì¥Ì¥Ì¥Ì¥Ì¥Ì¥Ì¥Ì¥Ì¥Ì¥Ì¥Ì¥Ì¥Ì¥Ì¥Ì¥Ì¥Ì¥Ì¥Ì¥Ì¥Ì¥á·… )	cry
(ã¥-Ì©Ì©Ì©-Ì©Ì©Ì©_-Ì©Ì©Ì©-Ì©Ì©Ì©)ã¥	cry
( Í’ à¶‰ .Ì« à¶‰ Í’)	cry
â€áƒš(Ù±Ù¥Ù±áƒš)	cry
Î¨(â—Â°Ì¥Ì¥Ì¥Ì¥Ì¥Ì¥Ì¥Ì¥ à½… Â°Ì¥Ì¥Ì¥Ì¥Ì¥Ì¥Ì¥Ì¥â—)Î¨	cry
(â—âŒ‡àº¶ à½…âŒ‡àº¶â—)	cry
( â€¢Ìàª¦â€¢Ì©Ì¥Ì€ )	cry
(à° à±à°  Ë“Ì­ à° à±à° )	cry
(à¹‘â€²Ì¥Ì¥Ì¥â–µâ€µÌ¥Ì¥Ì¥ à«‚à¹‘)	cry
(à¹‘â€¢Ìâ‚‹â€¢Ì©Ì¥Ì€à¹‘)	cry
â€â½Æˆ Í¡ (à¥ÅÌ¥Ì¥Ì¥Ì¥×ÅÌ¥Ì¥Ì¥Ì¥) à¥	cry
â€¦(â€¢Ì©Ì©Ì©Ì©ï¼¿â€¢Ì©Ì©Ì©Ì©)	cry
Â°(à²—Ğ´à²—ã€‚)Â°.	cry
Ëšâ€§âº(Í˜à¹‘ÌŠ/ï¹\)âºâ€§Ëš	cry
Ì¨(à¼àº´á¿€Ì« à¼àº´ Ì¨ )ÍË­Ì³Ì³Ì³Ë­Ì³Ì³Ì³ËÌ¿Ì¿ËÌ¿ËŒË³ËÌ‡â‹…âˆ´à¼£	cry, run
(â‰–Í_â‰–Ì¥)	dead, cry
.Â°(à²—Ğ´à²—ã€‚)Â°.	cry
(à¹‘ËƒÌ¥Ì©Ì¥Ì¥Ì¥Ì¥Ì†à²Ë‚Ì©Ì©Ì¥Ì¥Ì©Ì¥Ì†à§­)	cry
â€§âºâ—Ÿ( áµ’Ì´Ì¶Ì·Ì¥Ì Â·Ì« áµ’Ì´Ì¶Ì·Ì£Ì¥Ì€ )	cry
Æˆ Í¡ (à¥ÅÌ¥Ì¥Ì¥Ì¥â€ˆâ€¸â€ˆÅÌ¥Ì¥Ì¥Ì¥) à¥	cry
Îµ=Îµ=Îµ=Îµ=Îµ=â”Œ(ï¼›ã€€ãƒ»ï¼¿ãƒ»)â”˜	run
âŠ‚(â€˜Ï‰â€™âŠ‚ )))Î£â‰¡=â”€à¼„à¼…à¼„à¼…à¼„à¼…à¼„à¼…à¼„à¼…	run
Îµ===(ã£â‰§Ï‰â‰¦)ã£	run
Îµ=Îµ=â”( >_<)â”›	run
Îµ=Îµ=Îµ=â”Œ(à¹‘Ê˜âˆ€Ê˜)â”˜	run
Îµ=Îµ=Îµ=Îµ=â”(;ï¿£â–½ï¿£)â”›	run
Â°â—¦=ÍŸÍŸÍÍÊ•Ì¡Ì¢Ì¡à¥â€¢Ì«Í¡â€¢Ê”Ì¡Ì¢Ì¡à¥ â˜	run
- =ÍŸÍŸÍÍ =ÍŸÍŸÍÍ ï¾( Â´Ğ”`)ï¾‰	run
Îµ=Îµ=Îµ=Îµ=Îµ=Îµ=â”Œ(à¹‘Ê˜âˆ€Ê˜)â”˜	run
=ÍŸÍŸÍÍ( âˆ© â€˜ãƒ®â€™=ÍŸÍŸÍÍ) à©­à¥â¾â¾	run
â€à«®(â€Ú“ áƒ)Í=ÍŸÍŸÍÍ=ÍŸÍŸÍÍ=ÍŸÍŸÍÍ=ÍŸÍŸÍÍ=ÍŸÍŸÍÍ=ÍŸÍŸÍÍ #	run
Îµ=Îµ=(æ€’ï¾ŸĞ”ï¾Ÿ)ï¾‰	run
ãƒ½(ï¿£Ğ´ï¿£;)ãƒ=3=3=3	run
=ÍŸÍŸÍÍÊ•â€¢Ì«Í¡â€¢Ê” =ÍŸÍŸÍÍÊ•â€¢Ì«Í¡â€¢Ê” =ÍŸÍŸÍÍÊ•â€¢Ì«Í¡â€¢Ê” =ÍŸÍŸÍÍÊ•â€¢Ì«Í¡â€¢Ê” =ÍŸÍŸÍÍÊ•â€¢Ì«Í¡â€¢Ê”	run
â”€=â‰¡Î£((( ã¤â€¢Ì€Ï‰â€¢Ì)ã¤	run
C= C= C= C= C= C= C= C= C= â”Œ(;ãƒ»Ï‰ãƒ»)â”˜	run
(â†€Ğ”â†€)â¼Â³â‚Œâ‚ƒ	run
â€à§«(â€Ú“à§«)Ë’Ë’Ë’Ë’	run
=ÍŸÍŸÍÍ(à¹‘â€¢Ì€=ÍŸÍŸÍÍ(à¹‘â€¢Ì€Ğ´â€¢Ì=ÍŸÍŸÍÍ(à¹‘â€¢Ì€Ğ´â€¢Ìà¹‘)=ÍŸÍŸÍÍ(à¹‘â€¢Ì€Ğ´â€¢Ì)))	run
Îµ=Îµ=(ã£*Â´â–¡`)ã£	run
â”€=â‰¡Î£(([ âŠâ€¢Ì€âŒ‚â€¢Ì]âŠ	run
(ä¸€ã€‚ä¸€;;ï¼‰	surrender
(ã€€-ã€‚-)	surrender
(-_ï¼¼)	surrender
(;*Â´Ğ”`)ï¾‰	surrender
((-_-))	surrender
(@_@)	surrender
ï¼ˆ~ï½~ï¼‰	surrender
ï¼ˆâ—ãƒ¼â—ï¼›ï¼‰	surrender
ï¼ˆãƒ¼â–³ãƒ¼ï¼›ï¼‰	surrender
(o_ _)o	surrender
(ï¾‰_ _)ï¾‰	surrender
(ãƒ#-_-)ãƒ	surrender
(ï¾‰ï¿£Ğ´ï¿£)ï¾‰	surrender
(î›¼ï¿£^ï¿£)å°¸	surrender
/(;-_-)	surrender
ï¼¼(-___________-;)ï¼	surrender
ï¼¼ï¼ˆï¼ï¼ï¼‰ï¼	surrender
~(>_<ã€‚)ï¼¼	surrender
o(-_-;*)	surrender
Æª(â€¾_â€¾)Êƒ	surrender
y-(~ã€‚~ï¼›)	surrender
ãƒ˜(_ _ãƒ˜)	surrender
ï¾(;Â´Ğ”ï½€ï¾)	surrender
ãƒ˜ï¼ˆÂ´ï½ï½€ï¼‰ãƒ˜	surrender
ï¾(ï¿£ ï¿£;ï¾)	surrender
å½¡(-_-;)å½¡	dead, surrender
ï¼¿Ï†( Â°-Â°)/	write
ï¼¿Ï†(Â°-Â°=)	write
Ï†(ï¼ï¼;)	write
Ï†(^âˆ‡^ )	write
Ï†(â—â—ãƒ˜)	write
Ïˆ(ã€‚ã€‚)	write
___Ïˆ(â€¥ )	write
ï¼¿Ï†(ï¿£ãƒ¼ï¿£ )	write
à¶«âƒ›(áµ’ÍˆÌ‘á´—Ì‚áµ’ÍˆÌ‘ )â€	write
ï¼¿ã€†(ã€‚ã€‚)	write
(â€˜â€¢Ì€ â–½ â€¢Ì )Ï†	write
Ï†(ãƒ»Ï‰ãƒ»ï½€ )	write
Ï†(._.)	write
Ï†ï¼ˆï¼ï¼ï¼‰	write
Ï†(ï¿£ãƒ¼ï¿£ )ãƒ	write
Ï†(Â°ÏÂ°*)ãƒ¡	write
ã€†(ãƒ»âˆ€ãƒ»ï¼ )	write
ã€†(Â´ï¼µ_ï½€*)	write
Ï†(^Ï‰^*)ï¾‰	write
â€¦Ï†(oÂ´Ï‰ï¾Ÿo)Ï†â€¦	write
Ïƒ(àµˆ)Ï†	write
à»’(âŠ™á´—âŠ™)à¥­âœâ–¤	write
[â‰¡] ã€†(ãƒ»âº«ãƒ»â€¶)	write
(à¹‘â•¹oâ•¹)Ï†	write
â€ =â€á‚»Ì¸ â™¡(ËƒÍˆ àª¦ Ë‚Íˆ à¼¶ )	write
ãƒ½à¼¼ à² ç›Šà²  à¼½ï¾‰	troll
(((à¼¼â€¢Ì«Í¡â€¢à¼½)))	troll
â€ãƒ½à¼¼àºˆÙ„Íœàºˆà¼½ï¾‰	troll
à¼¼(â½Í‡ËŠÌ‘â¾â€ˆá¼´à¥ƒâ€ˆâ½Ë‹Ì‘â¾Í‡)à¼½	troll
(à«€(Î„â—à¸´à±ªâ—Ÿà¸´â€µ)Êƒ)	troll
à¼¼ Í’ Í“ Í’à¼½	troll
à¼¼ Í’ Ì¶ Í’à¼½	troll
à¼¼ï½¥à¸´É·ï½¥à¸´à¼½	troll
(Ì¿â–€Ì¿â€‰Ì¿Ä¹Ì¯Ì¿Ì¿â–€Ì¿ Ì¿)Ì„	troll
à¼¼à¼¼;; ;Â°;à¨ŠÂ°;à¼½	troll
à¼¼â€¢ÍŸ Íœ â€¢à¼½	troll
à¼¼â€¢ÌƒÍ¡ É·â€¢ÌƒÍ¡à¼½	troll
à¼¼âˆµà¼½	troll
à¼¼â‰–É·â‰–à¼½	troll
à¼¼â¢à¼½	troll
à¼¼â¤à¼½	troll
à¼¼â¨à¼½	troll
à¼¼âœ·É·âœ·à¼½	troll
Ëšâœ§â‚Šââá·€àº»à½½â‰€ËÌ®â€†âá·€àº»à½½ââºË³âœ§à¼š	troll
à¼¼Ô¾É·Ô¾à¼½	troll
à¼¼à®‡É·à®‡à¼½	troll
à¼¼;Â´à¼àº¶ à¼àº¶ à¼½	troll
Ë“ à¥‚à¼¼â€Šà¯Í¦à¥”à½€â€Šà¯Í¦à¥“à¥‚à¼½	troll
à¼¼ à¥â€Šà¯Í¦à¥”à½«â€Šà¯Í¦à¥“à¼½à¥Ë’Ë’	troll
à«®(ã…â—â—Ÿã…)áƒ	troll
à½¥â€¢Ì«Í¡â€¢à½¤	troll
â™¡(â€¢à½²Ì›á´—â€¢Ì›)à¾€	troll
â™¡*(à¥‚â€¢â€§Ì«â€¢à¥‚â‘…)â™¡â‹†*à³ƒ:.âœ§	troll
Ë Â¨Ì«ÍŒ Ë€	troll
(âœ–â•­â•®âœ–)	dead
(u_u)	dead
(*_*)	dead
(ï¼Š0ï¼Š;)	dead
(#+_+)	dead
(+_+)	dead
(Ã—_Ã—;ï¼‰	dead
(Ã—_Ã—#	dead
(Ã±_Ã±)	dead
(o_-)	dead
(Âº_Âº)	dead
ï¼ˆx_xï¼›ï¼‰	dead
ï¼ˆÎ©_Î©ï¼‰	dead
âœ˜Ğ”âœ˜â—	dead
ãƒ¾(Ã—Ã— ) ï¾‚	dead
Ù©(Ã—Ì¯Ã—)Û¶	dead
Î£(à¹‘+âŒ“ oï½¡)ã‚·	dead
ã¸ï¼ˆ>_<ã¸)	dead
(ï½¡Â´âœšà¸ºÏ‰âœšà¸ºï½€ï½¡)	dead
(ï½¡â‰à¸ºâ€¿à¸ºâ‰à¸º)	dead
â•­( âœ–_âœ– )â•®	dead
â€¢ Âºâ€“Ï€â€“Âº â€¢	animal, stare
<(:,..,:)>	animal
\(-ã…‚-)/ â™¥ â™¥ â™¥	fun, love
â™ª (ï½¡Â´ï¼¿â—`)ï¾‰â”Œiiiiâ”ãƒ¾(Â´â—‹ï¼¿`*) â™ª	fun, music
( *âˆ€*)yâ”€â”›	happy
á••( á› )á•—	fun, happy
(Â°â—¡Â°â™¡).:ï½¡	animal, love
(à¹‘â€²á´—â€µà¹‘)	animal
(`ï½¥Ï‰ï½¥Â´)	animal, pig, stare
Æ:[,,_,,]=~	animal, fun, cat
[^._.^]ï¾‰å½¡	animal, happy
â—ãƒ½(^ï½¥Ï‰ï½¥^=)~	cat, animal
( ;,;)	animal
(âŠ™Ï‰âŠ™)	animal
:(Â¦)	animal
Ïµ( 'Î˜' )Ï¶	animal, stare
(â—•(' äºº ') â—•)	animal
â”—[Â© â™’ Â©]â”› ï¸µ â”»â”â”»	table flip
â”»â”â”» ï¸µ áƒš(âŒ’-âŒ’áƒš)	happy, table flip
Ê‡ÇÊÉ”ÉÉ¹q ï¸µãƒ½(`Ğ”Â´)ï¾‰ï¸µ ÇÊup	table flip
(â•¯Â°â–¡Â°)â•¯ï¸µ â”»â”â”»	table flip
â”¬â”€â”¬ï»¿ ãƒ( ã‚œ-ã‚œãƒ)	table flip
(ãƒ ã‚œĞ”ã‚œ)ãƒ ï¸µ â”»â”â”»	table flip
(â•¯Â°â–¡Â°)â•¯ï¸µ â”»â”â”» ï¸µ â•¯(Â°â–¡Â° â•¯)	table flip
â”¬â”€â”¬ï»¿ ï¸µ /(.â–¡. \ï¼‰	table flip
â€(ï¾‰à²¥ç›Šà²¥ï¼‰ï¾‰ï»¿ â”»â”â”»	table flip
(ãƒ^_^)ãƒâ”»â”â”» â”¬â”€â”¬ ãƒ( ^_^ãƒ)	table flip
(â•¯Â°Ğ”Â°ï¼‰â•¯ï¸µ /(.â–¡ . \)	table flip
(â•¯'â–¡')â•¯ï¸µ â”»â”â”»	cry, table flip
(ï¾‰à²¥Ğ”à²¥)ï¾‰ï¸µâ”»â”â”»ï½¥/	table flip
(/ .â–¡.)\ ï¸µâ•°(ã‚œĞ”ã‚œ)â•¯ï¸µ /(.â–¡. \\)	table flip
(._.) ~ ï¸µ â”»â”â”»	table flip
(ï½¡Â´ â€¿ï½€â™¡)	happy, love
â™¥â€¿â™¥	love
ï½¡â—• â€¿ â—•ï½¡	happy
à¹â—¡à¹	fun
\m/...(>.<)â€¦\\m/	fun, music
ï¼ˆã€€ï¼¾ï¼‰ï¼å ~~~~~	fun
(ï¼_^)ï¼ ã€€ã€€ã€€ã€€â—ã€€ï¼¼(^_ï¼¼)	fun
(ï¼o^)/ Â°âŠ¥ ï¼¼(^oï¼¼)	fun
ãƒ½ï½€ã€ãƒ½ï½€ãƒ½(*ï¿£oï¿£*)â™©â™«â™ªãƒ½ï½€ã€ãƒ½ï½€	fun, happy
ï¼ˆ*ï¼¾ï¼¾ï¼‰/~~~~â—	fun
(*ãƒ»_ãƒ»)ãƒâŒ’*`*`*	fun
â—‰â€¿â—‰	fun, happy
Â¯\_â—‰â€¿â—‰_/Â¯	whatever, fun, happy
|Ê˜â€¿Ê˜)â•¯	fun, wave
(~^.^)~	fun
â€(Ã’å›—Ã“×±)	angry
ï¿¢o(ï¿£-ï¿£ï¾’)	angry
â€•(T_T)â†’	dead
ï¼ˆã€ƒãƒ»ãƒ»ã€ƒï¼‰	stare, confused, love
Â¯\_à² _à² _/Â¯	whatever, stare
(  âš† _ âš† )	stare
(Â´ â–½ï½€).ã€‚ï½â™¥â™¡	love
(*â¸°â€¿-) (â˜‰_â˜‰) (-â€¿â—¦â˜€)	love
ãƒ(ã‚¸)ãƒ¼'	love
--,--`--,{@	love
(â•¥ï¹â•¥)	sad, cry
â™’((â‡€â€¸â†¼))â™’	think
('âˆ€'â—)â™¡	happy, love
(^_^ '')	happy
d( - â€¸ - )b	sad
â—”Ì¯ï¸µâ—”	sad, music
(ã£- â€¸ -)ã£	sad
(ã£- â€¸ - Ï‚)	sad
â— ï¹â˜‰	sad
(â—â€¸â—Ÿï¼›)	sad
(;Â´à¼àº¶Ğ”à¼àº¶`)	sad, love
â‚â‚ á••(Â´â—“âŒ“â—”)á•—â¾â¾	sad
Ë“(á‘Šá˜©á‘Šâ)	sad
(*ãƒ»)ÏƒÏƒÏƒ(*ã‚œĞ”ã‚œ*)	sad
Ã³Ã²	sad
( ï¼¾â—¡ï¼¾)ã£âœ‚â•°â‹ƒâ•¯	sad
äººäººäººãƒ¾( ;Ã—oÃ—)ã€ƒ äººäººäºº	sad
(///.-)	sad
[ Â± _ Â± ]	sad
à¼¼;Â´à¼àº¶ Û à¼àº¶à¼½	sad, cry
(ÊƒË˜Ì©Ì©ÎµË˜Ì©Æª)	sad, cry
â”('ï½`ï¼›)â”Œ	whatever, sad
[#Â´Ğ”`]	sad
(â—Â´âŒ“`â—)	sad
ï¼ ãƒ"	animal
(â€)(â€)	animal, rabbit
/|\( ;,;)/|\\	animal
Ê•âÌ¯Í¡âÊ”à¼„	animal
<ã‚³:å½¡	animal
O(âˆ©_âˆ©)O	animal, happy, monkey
Ê•â€¢Ì«Í¡â€¢Ê•*Ì«Í¡*Ê•â€¢Í“Í¡â€¢Ê”-Ì«Í¡-Ê•â€¢Ì«Í¡â€¢Ê”*Ì«Í¡*Ê”	animal, fun, bear
3:*)	animal
(à¥‚ Í’â€¢â€§Ì«â€¢à¥‚â‘… Í’)	cat, animal
â¸œ(á¶¿á·‡à´§á¶¿á·†)â¸	animal
(=Ë˜Ï–Ë˜=)	animal, rabbit
(à¥ƒÊ¾Ìê’³Ê¿Ì€ à¥ƒã€€)à¥	cat, animal
Ê•ã€€Â·á´¥Â·Ê”ã€€Ê•Â·á´¥Â·ã€€Ê”	animal, bear
(ã€ _ã€ )	stare
( à°  âš‡Ì­ à°  )	love
(   Â° á´—Â°)~Ã°  (/â›oâ›\)	love
ì›ƒâ¤ìœ 	love
ã—(*ãƒ»âˆ€ãƒ»)ï¼â™¡ï¼¼(ãƒ»âˆ€ãƒ»*) ///	happy, love
à³–(ÏƒÌ‘Ë½ÏƒÌ‘)à³–	stare, love
â€(à¹‘â•¹Ú¡â•¹)â•­ ï½ â™¡	love
*â‚((âœªâ¥âœª))â‚*	love
(É”Ë˜Ğ·Ë˜)É”	love
(*Â°âˆ€Â°)=<3	love
\|Â°â–¿â–¿â–¿â–¿Â°|/	happy
(â—Â°uÂ°â—)â€‹ ã€	fun, happy, wave
â•® (. â› á´— â›.) â•­	whatever, happy
=ï¼¾â— â‹ â—ï¼¾=	cat, animal
~=[,,_,,]:3	animal, fun, cat
(=^ã‚§^=)	cat, animal, happy
(ãƒ»Ï‰ãƒ»)	animal, stare
(ãƒ»3ãƒ»)	animal, stare
(ãƒ»Îµãƒ»)	animal, stare
Ê• â€¢á´¥â€¢Ê”	animal, bear
äººâ—• â€¿â€¿ â—•äºº	animal
( Ìãƒ»Ï‰ãƒ»`)	animal, pig, stare
(ï½€â—” Ï‰ â—”Â´)	animal, pig
<Âº))))><	animal, sea creature
<(-'.'-)>	animal
(V) (Â°,,,,Â°) (V)	animal
(â—•ã€â—•)	stare
Â¯\_(âŒ£Ì¯Ì€âŒ£Ì)_/Â¯	whatever
(ã€‚â™‹â€¸â™‹ï½¡)	confused
| (â€¢ â—¡â€¢)| (âá´¥âÊ‹)	fun, happy
â””[âˆµâ”Œ]â””[ âˆµ ]â”˜[â”âˆµ]â”˜	fun, happy
(^__^)v	fun, happy
ï¼ˆã€‚ã€…Â°ï¼‰	fun
ï¼ˆÂ°ã€…ã€‚ï¼‰	fun
(â—â€¿â—‘)ï»¿	fun, happy, crazy
âœŒ(-â€¿-)âœŒ	fun, happy
áƒš(oâ—¡oáƒš)ï»¿ï»¿	fun, happy
(ï¾‰^_^)ï¾‰	fun, happy
(ãƒãƒ»âˆ€ãƒ»)ãƒ	fun, happy
ï¼¼(ï¼¾Oï¼¾)ï¼	fun, happy
(Ã³ Ã¬_Ã­)=Ã³Ã²=(Ã¬_Ã­ Ã²)	fun
ãƒ½(^o^)Ïâ”³â”»â”³Â°Ïƒ(^o^)/	fun
(>'.')>=O____l_*__O=<('.'<)	fun
â€(Ë†Ú¡Ë†)v	fun, happy
â™ªâ”(ãƒ»oï½¥)â”›â™ªâ”— ( ï½¥oï½¥) â”“â™ª	fun, music
ï£§-(Ë†â–¿Ë†)/ï£§ ï£§\(Ë†â–¿Ë†)-ï£§	fun
áƒš(à² ç›Šà² áƒš)	troll
â€(Ã’Ğ”Ã“×±)	angry
(âŒ¯âšˆà¥ˆã€°Ì‡âšˆà¥ˆ)	happy, stare
(â€¢ Îµ â€¢)	stare
â”Œ( à² _à² )â”˜	stare
( Õˆâ€¿Õˆ)	happy
( â§‰ â¦£ â§‰ )	confused
â”(Â´-ï½€)â”Œ	whatever
â”( Ë˜_Ë˜)â”Œ	whatever
Â¯\_(ã‚·)_/Â¯	whatever
Â¯\(Âº_o)/Â¯	whatever
(âŠ™ï¼¿âŠ™')	stare
(â€¢Ì¯Í¡.â€¢Ì¯Í¡)â€â€‹	stare
â€¢(ã……)â€¢	bear
â—¦Â°Ëš\(*â›â€¿â›)/ËšÂ°â—¦	happy
à³–(â‘…ÏƒÌ‘á´—ÏƒÌ‘)à³–	happy, write
(â”›^_^)â”›å½¡<ÇlqÉÊ‡>	table flip
(*ï¼¾áƒ¬ï¼¾*)	
(*ê§†â–½ê§†*)	
(à¹‘ê§†â—¡ê§†à¹‘)	
â‚ê’¢Â  Ì£Ì®ê’¢â‚	
(ã€‚ãƒ»Ï‰ãƒ»ã€‚)	
(âÂ´â—¡`â)	
Ë™ËšÊš(Â´â—¡`)ÉËšË™	
â™¡áƒš(Â´Íˆâ—¡à«`Íˆáƒš)	
(â›â—¡Ë‚Ìµ Ì‘Ì‘âœ§)	
âŒ’Â°Êš(à·†â›à¸± á´— â›à¸±ÊƒÆª)Éâ™¡Â°âŒ’	
Ë™Ëšà¬˜o(âˆ— Â â›à¸±Â áµ•Â â›à¸±Â )à©­à»ˆË™	
(ï½¡â‰à¸ºâ€¿â‰)âšŸÊœá´‡Êœâ™¥	
â€Ü“(ï½¡â—  ê‡´ â— ï½¡ )	
(âƒ” â€¢Íˆ ê’¡ â€¢Íˆ )âƒ•â†	
(â­’Â  à¹Œ â²³ à¹Œ )	
(â›âº²â›â­‘)	
â›¦â—œâ–¿â—	
(â™¡Â´ğ“‹°`â™¡)	
(â­‘â€¢Íˆ ğ“Ÿ â€¢Íˆ )	
(â­‘ï¿« ğ“Ÿ ï¿© â­‘)	
(â­’â€¢Íˆ ğ“º â€¢Íˆ )	
(ï½¡ğ“† ğ“º ğ“†)	
(âœ© à¹Œ á´— à¹Œâœ©)	
(âœ©â›à¸± ğ“Ÿ â›à¸±âœ©)	
(à·†Ë™áµ•Ë™à·†)â™¡	
ï½¡*â­’â‘… Ë™à¾ŒË™â‘…â­’*ï½¡	
Ù©(*â€¢Íˆ ê‡´ â€¢Íˆ*)Ùˆ Ì‘Ì‘â€	
â™¡(Ë¶â•¹Ì† â–¿â•¹Ì†Ëµ)Ùˆâœ§â™¡	
ãƒ¾(âÌ´Ì†â—¡âÌ´Ì†ã€‚)ãƒ	
(â™¡â¸ƒ â—¡ â¸‚â™¡)	
( âœ§Ğ”âœ§) YES!!	
(à¹‘ËƒÌµã€€á´—ã€€Ë‚Ìµ)Ùˆ	
â”£Â¨ï½·(ã€ƒï¾Ÿ3ï¾Ÿã€ƒ)â”£Â¨ï½·	
oÍ¡Í¡Í¡Í¡Í¡Í¡Í¡Í¡Í¡Í¡Í¡Í¡Í¡Í¡â•®(ï½¡á¤ãƒ®á¤ï½¡)â•­oÍ¡Í¡Í¡Í¡Í¡Í¡Í¡Í¡Í¡Í¡Í¡Í¡Í¡Í¡	
â™¡â”‰ËÍ› (â› ã€° â›)ËŠËâ”‰â™¡	
âœ§ â”€=â‰¡Î£((( ã¤â€¢Ì€Ï‰â€¢Ì)ã¤	
ï¾„ï¾ï½·(Ëšá—œËš*)(*ï¾Ÿá—œËš)ï¾„ï¾ï½·	
â˜†â‹†:âˆ.o(â‰§â–½â‰¦)o.âˆ:â‹†â˜†	
GO!âœºâ—Ÿ( â‘…â›à¸± á´— â›à¸± â‘…)â—âœºGO!	
ï¼ˆï½¡>â€¿â€¿<ï½¡ ï¼‰	
(ï¾‰Â´ãƒ®Â´)ï¾‰*: ï½¥ï¾Ÿğ“‡¼	
â‹† Ëšï½¡â‹†Ëšâ¸œ(â™¡ à¥‘á—œ à¥‘â™¡)â¸ Ëšâ‹†ï½¡Ëš â‹†	
ã€ˆ(âï¿«â€¿à¸ºï¿©)ãƒï½¥:*â˜†	
â‚ ..Ì® â‚ âƒ â½ Ë™Ë™Ì® â¾âƒâ‚ ..Ì® â‚ âƒâ½ Ë™Ë™Ì® â¾	
â˜†*âœ²à­§( â—‹ â•¹ ã€° â•¹ â—‹ )à­¨âœ²*â˜†	
â–’â–’â–“â–ˆâ–‡â–…â–‚âˆ©( âœ§Ğ”âœ§)âˆ©â–‚â–…â–‡â–ˆâ–“â–’â–’	
(ã€ƒ Ï‰ ã€ƒ)	
(Â´ÍˆÂ  áµ• `Íˆ ï¼‰	
ï¼Š*â™¡( âáµ•á´—áµ•â  ï¼‰	
(^///^)	
áµ‰Ê°áµ‰Ê°áµ‰(*/âˆ‡ï¼¼â­’)	
(*Â°ãƒ®Â° *)	
ï¼ˆË¶â€²â—¡â€µË¶ï¼‰	
(ËŠâ€¢Íˆ â—¡ â€¢ÍˆË‹)	
(â‘‰Â´â€¢Ë¶Ë¶Ì«Ë¶ â€¢`â‘‰)	
â€§âºâœ§(Ë¶Â´âš°ï¸`Ëµ)âºâ€§	
(Ë¶â¸ƒ â´°â¸ƒË¶)â™¡	
(â­‘â›à¸± ğ“”â›à¸± )	
(â„ â„â€¢â„ê‡´â„â€¢â„ â„)â„	
(â„ â„â€¢â„Ï‰â„â€¢â„ â„)â„	
(â‘‰â€¢ à¼ â€¢â‘‰)*:ï½¥ã€‚	
(â‘‰â€¢ ï»Œ â€¢â‘‰)	
(âº£ï»Œâº£)	
(â™Ë˜ê’«Ë˜â™)	
( Í¡Â°â„ â„ Íœâ„ â„Ê–â„ â„ Í¡Â°)	
( Í¡â˜‰â„ â„ Íœâ„ ÍœÊ–Ì«â„ â„ Í¡â˜‰)	
(Ëµáµ•Ì´á·„ Ë¶Ì« Ë¶áµ•Ì´á·…Ëµ)	
(Ëµáµ•Ì´á·„ á—œ áµ•Ì´á·…Ëµ)	
(á¨€â€²â±šâ€²á¨€)â˜˜	
â€§âº( áµ’Ì´Ì¶Ì·Ì¥Ì â—¡ áµ’Ì´Ì¶Ì·Ì£Ì¥Ì€ )âºâ€§	
(â‘‰âº¥Ë¶Ë¶Ì«Ë¶âº¥â‘‰)	
(*ï¾‰Ï‰ï¾‰)áµ‰áµ‰áµ	
( âˆ— â›à¸± âµ¯ â›à¸± âˆ—)	
(âˆ—Â´ á¨” `âˆ—)	
âœ§(â¸â¸â¸áµ’Ì´Ì¶Ì· ï½¡ áµ’Ì´Ì¶Ì·â¸â¸â¸)	
.+áµ’Ê°(ã¤âˆ€<â—)ï¾ŸáµÊ¸â™ªï½¡	
!(à·†â€™âˆ€â€™à·†)!	
à­¨à­§(Ì· Ì·ã€‡Ì· Ì·ï¹Ì· Ì·ã€‡Ì· Ì·)Ì·à­¨à­§	
ï¾„ï¾ï½·(ï¾Ÿâˆ€ï¾Ÿ*)ä¸‰(*ï¾Ÿâˆ€ï¾Ÿ)ï¾„ï¾ï½·	
Ì‘Ì‘à·†(â¸â¸â¸â—‰â¸ ï½¡ â¸â—‰â¸â¸â¸)	
.*â™¡*ï½¡âˆ(ã€ƒ Ï‰ ã€ƒ)ï¾Ÿâˆï½¡*â™¡*.	
(ã€ƒê‡´ã€ƒ)	
(//âˆ‡/(//âˆ‡//(/âˆ‡//)	
(/âˆ‡ï¼¼*)â€¦Reaaaally?	
ï½¥:*:ï½¥(*////âˆ€////*)ï½¥:*:ï½¥	
á´Êœ Êá´á´œ~â˜†(âˆ—Â´âˆ€ï½€)Ïƒ)))))*3ï¾Ÿ)à­¨,ï½¥Â´.ï½¤	
(ã¤Ï‰ï½¥*)o(ã€ƒãƒ»Ï‰ãƒ»ã€ƒ)o	
.â™¡*:ãƒ»â€“ Ì—Ì€ ( êˆĞ”êˆ ) Ì–Ì â€“ãƒ»:*â™¡.	
~~(((áµ˜ ê’³ áµ˜ *)(* Â´áµ˜ ê’³ áµ˜ )))~~	
o(Â´Ğ”ï½€ â™¡ )ä¸‰(â™¡ Â´Ğ”ï½€)o	
Ê¸áµƒÊ¸â™ªo((ã€ƒâˆ‡ã€ƒo))((oã€ƒâˆ‡ã€ƒ))oÊ¸áµƒÊ¸â™ª	
(ğŸ–’^^)ğŸ–’	
(ï¼¾ï¼¾)ï½‚ OK!	
ï¼ˆÂ´âˆ€`ï¼‰ï½‚	
( Â´ â–½ ` )b	
(ğŸ–’^_^)ğŸ–’	
b(~_^)d	
(b ~_^)b d(^_^ d)	
(ãƒ»Ï‰ãƒ»)b	
ãƒ¾( à¹Œ Ï‰ à¹Œ )b	
(á‹• Ğ´á‹•)b	
(ï¾Ÿâˆ‡áµ˜d)	
(+ï½€âˆ€Â´)b	
(â™¡â‰§ ğ“º â‰¦)=ÑŠ â™¡	
(â˜†ï½€â€¢ Ï‰ â€¢Â´)ï½‚	
d( Í¡o âˆ‡ Í¡o )b	
(Ê˜ á³• Ê˜)ğŸ‘	
(ğŸ‘á› )ğŸ‘	
(bË™â—Ë™ )b	
âœ§d(â€¢Ì€ vâ€¢Ì€ )Great~â™ª	
d( áµ˜ ê’³ áµ˜ âœ¼)	
d(â€¢Íˆ _â€¢Íˆà·†)áµâ™¡â™¡áµˆ !!	
d(âŒ’ãƒ¼âŒ’)	
Î£ï½„(ï¾Ÿâˆ€ï¾Ÿ)	
Î£d( áµ•ê’³áµ•)à²‡	
âœ§âˆ‘d(Ã´Ìƒ Ï‰ á»—)	
Î£d(ã‚âˆ€ï½¥)ï¾‰	
Î£d=(ï½¥Ï‰-)ï¾‰	
(â€˜âˆ‡^d)	
d(â¸ï½¡â¸â—‰â¸Ï‰â¸â—‰â¸ï½¡â¸)b	
â˜…âŒ’ãƒ½(â•¹ê’³â•¹)b	
pï¼ˆ ã€‚Ï‰ ã‚œï¼‰d	
dï¼ˆ ã‚œÏ‰ ã€‚ï¼‰p	
âˆ‘d(dâ€²á¨”`âˆ—)	
ãƒ¾(>ê‡´âˆ‡	
	
â˜…ï½¡ï½¥:*:ï½¥ï¾Ÿ sá´œá´˜Ê€á´‡á´á´‡ÊŸÊ d(*â›à¸± á†¸ â›à¸± *)b É¢á´á´á´… ï½¡ï½¥:*:ï½¥ï¾Ÿâ˜…	
d( á– )äºº( á› )b	
+.ï¾Ÿ(ç¬Â´ ÍœÊ–ï½€ç¬)bï¾Ÿ+.ï¾Ÿ	
â›§Ëšâ—‹â—¦Ëšdï¼ˆâœª á³• âœªï¼‰bËšâ—¦â—‹Ëšâ›§	
ï½¡.+*ï½¡(ğŸ¦ Ï‰ ğŸ¦)bï¾Ÿ*.+ï½¡	
âœ©â€¢Ì©Ì©Í™*Ëšï½„(â‰§ğ“Ÿâ‰¦)ï½‚Ëš*â€¢Ì©Ì©Í™âœ©	
ï¼¼(((ï¿£(ï¿£(ï¿£â–½ï¿£)ï¿£)ï¿£)))ï¼ï¾”ï½¯ï¾€ï½°!	
ï¼¼(â–½ï¿£ï¼¼(ï¿£â–½ï¿£)ï¼ï¿£â–½)ï¼ï¾”ï½¯ï¾€ï½§ï½°!	
ï¼¼(ï¼ ï¼¾ï¼ï¼¾ï¼ )/ã‚„ã£ãŸãâ™ª	
ï¼¼(*Tâ–½T*)ï¼ï¾œï½°ï½²â™ª	
ï¼¼ï¼ˆï¼¾ ï¼¾ï¼‰ï¼ ãƒãƒ³ã‚¶ãƒ¼ã‚¤	
+ï½¡:.ï¾Ÿãƒ½(Â´âˆ€`ï½¡)ï¾‰ï¾Ÿ.:ï½¡+ï¾Ÿï¾Ÿ+ï½¡:.ï¾Ÿãƒ½(*Â´âˆ€`)ï¾‰ï¾Ÿ.:ï½¡+ï¾Ÿ	
o(â‰§âˆ‡â‰¦o)(oâ‰§âˆ‡â‰¦)oã€€ï½²ï½´ï½°ï½²	
v(ï½¡ï½¥Ï‰ï½¥ï½¡)ï½¨ï½ªï½¨â™ª	
ãƒ½(ã€€ã€€Â´ã€€ã€€âˆ‡ã€€ã€€ï½€ã€€ã€€)ãƒ ï¾œï½°ï½²	
ãƒ½(â–½ ï½€)ãƒï¾œï½°ï½²â™ªãƒ½(Â´â–½ï½€)ãƒï¾œï½°ï½²â™ªãƒ½( Â´â–½)ãƒ	
(;_;)	
(ã€€ï¼›âˆ€ï¼›)	
ï¼ˆÎ© Ğ” Î©ï¼‰	
oï¼ˆï½‰Ğ”ï½‰ï¼‰o	
(à®‡Ğ´à®‡; )	
Ëšâ€§ÂºÂ·(Ëš ËƒÌ£Ì£Ì¥âŒ“Ë‚Ì£Ì£Ì¥ )â€§ÂºÂ·Ëš	
(à¥‚ËƒÌ£Ì£Ì£Ì£Ì£Ì£ï¸¿Ë‚Ì£Ì£Ì£Ì£Ì£Ì£ à¥‚)	
ï½¡ï½¥(à¥‚ËƒÌ£Ì£Ì£Ì£Ì£Ì£ êˆË‚Ì£Ì£Ì£Ì£Ì£Ì£ à¥‚)	
o(â•¥ï¹â•¥)	
o(ã„’oã„’)	
o(Tãƒ˜To) ãã…	
(/â–¡ï¼¼*)	
ï¼ˆâ”¬â”¬ï¼¿â”¬â”¬ï¼‰	
(ï½¡ï¾‰Ï‰ï¼¼ï½¡)	
(Â´ï¼›Ğ´ï¼›)	
Ã“â•­â•®Ã’	
Ï…ï½¡â€™ áµ” â€˜ï½¡Ï…	
(ã€‚â™‹ï¹â™‹ï½¡)	
ã‚œ:(ã¤Ğ´âŠ‚):ã‚œã€‚	
(ï¾‰ï½ï½€*)	
(Â´â€¢ á´— â€¢Ì¥`âœ¿)	
( Â´ â€¢Ì¥ Ì« â€¢Ì¥ ` à­¨à­§)	
Ë¢áµ’áµ‡(áµ•Ì£Ì£Ì£Ì£Ì£ Û áµ•Ì£Ì£Ì£Ì£Ì£Ì£ âœ¿)Ë¢áµ’áµ‡	
ï½¡:ï¾Ÿ(ï½¡ï¹· â€¸ ï¹· âœ¿)	
ï½¡ï¾Ÿ(à®‡ â€¸ à®‡âœ¿)ï¾Ÿï½¡	
( Ë˜â€¢Ì¥ _â€¢Ì¥ Ë˜ )	
( áµ’Ì´Ì¶Ì·Ì¥Â  â€¸ áµ’Ì´Ì¶Ì·Ì£Ì¥Â Â âœ¿)	
ï½¡ï¾Ÿ(ï¾ŸÂ´Ğ·`ï¾Ÿ )ï¾Ÿï½¡	
(Â´â€¢Ì¥ áµ” â€¢Ì¥`)*á¶œÊ³á¶¦áµ‰Ë¢*	
á´µËˆáµ áµ’áµ(áµ•Ì£Ì£Ì£Ì£Ì£ Íœ áµ•Ì£Ì£Ì£Ì£Ì£ Ë¶ )â™¡	
(Â´â€¢ Íœ. â€¢Ì¥`)âœ§	
(âœ¼ XÌ¥Ì¥Ì¥ â€¸ XÌ¥Ì¥Ì¥)	
à²¥_Ê–à²¥áµ‡áµ’áµ’Ê°áµ’áµ’	
à²¥,_ï½£à²¥	
à²¥ç›Šà²¥	
áƒš(à²¥ç›Šà²¥áƒš)	
(à¼àº¶ _ï½£ à¼àº¶ )	
ã‚œãƒ»ï¼ˆï¼ã€‚ï¼¼ï¼‰ãƒ»ã‚œ	
ã‚œãƒ»ï¼ï¼ˆï½‰Ğ”ï½‰ï¼‰ï½¡ï¼šï¾Ÿ	
ãƒ»ã‚œ(ã€‚â”°Ï‰â”°ã€‚).ãƒ»ã‚œ	
ï½¡ï½¥ï¾Ÿï½¥(ï¾‰Ğ”ï½€)ï½¥ï¾Ÿï½¥ï½¡	
ï½¡â—‹(á¢Â´â€¢Ì¥ Ã—â€¢Ì¥ `á¢)â—‹ï½¡	
ï½¡ï½¥ï¾Ÿï¾Ÿï½¥(à°¥ Ğ” à°¥ã€‚)ï½¥ï¾Ÿï¾Ÿï½¥ï½¡	
(Â´ã€‚ï¼¿ã€‚ï½€)	
(á—’á—©á—•)	
(â— â€¸ â—Ÿã†€)	
(â•¯ï¸µâ•°)	
(_ã€€_|||)	
(Â´ï¼¿ï½€ã€‚) *sniff*	
(Â´Ğ”ï½€ã€‚	
(Â´ï¼¡ï½€ã€‚	
(Â´Ï‰ï½€ã€‚)	
( Â´ï½¥Ï‰ï½¥)	
|Ï‰ï¼›ï½€)	
(|||â›ï¸µâ›ã€‚)	
ï¾Šï½§â”(-Ğ´-ï¼›)â”ï½§â€¦	
il||li(ã¤Ğ´-ï½¡)il||li	
.ï½¡.:*ï½¥ã‚œ(Â´ï¼¾ï½€)ã‚œï½¥*:.ï½¡.	
â–‚â–…â–‡â–ˆâ–“â–’â–‘(â€˜Ï‰â€™)â–‘â–’â–“â–ˆâ–‡â–…	
ãƒ½ï½€ã€ãƒ½ï½€(â‘‰ËŠÌ¥Ì¥Ì¥Ì¥Ì¥ Â³ Ë‹Ì¥Ì¥Ì¥Ì¥Ì¥â‘‰)ï½€â˜‚Ëšï½¡ã€ãƒ½ï½€â˜½ãƒ½ï½€	
_|ï¿£|â—‹	
il||li ï¼¿|ï¿£|â—‹ il||l	
///orz///	
â–„â–ˆâ–€â–ˆâ—	
ã€“â– â—ï¼¿	
ã€“â– â—ï¼¿ ï½ â–¡â—‹0 (goes to heaven)	
ï¼¿|ï¿£|â—‹â‡’ï¼¿|ï¼¼â—‹ï¼¿â‡’ï¼¿/ï¼¼â—‹ï¼¿â‡’ï¼¿__ï¼¿â—‹ï¼¿	
||liil||liil||li _|ï¿£|â—‹ â—‹|ï¿£|_ il||liil||liil||li	
_( â”ä¹™(ï½¤ï¾ï½¤)ï¼¿ ï¼¿/á´œÉ¢Êœâ€¦	
â—( â”_(ï½¤ï¾ï½¤)ï¾ï¼¿/ *á´„ÊŸÉªá´„á´‹*	
Ah!(ï¾ŸÏï¾Ÿ;	
Î£(ï¾ŸĞ”ï¾Ÿï¼›)	
âˆ‘(â€˜ï¼â€™ï¼›) ï¾Šï½¯!!	
Î£(ï½¥oï½¥;) ï¾Šï½¯!	
ï¾Šï½¯âˆ‘(ï¾Ÿï¾›ï¾Ÿã€ƒ)	
Î£(ï¼Ğ´ï¼ï¾‰)ï¾‰ ï½±ï½©ï½°ï¾!!	
Î£(ï½€Ğ´ï½€ï¾‰)ï¾‰ ï¾‡ï½µï½«!!	
âˆ‘(ï¾Ÿâˆ‡ï¾Ÿ|||)	
Î£(ï¾Ÿå£ï¾Ÿ;)//	
(ã€‡oã€‡ï¼›) ï½·ï¾ï½¸ï½©ï½©ï½©!!	
Î£(=o=;)ï½·ï¾ï½¸!!	
ãƒ½((â—Ğ´â—ã€€))ã‚	
(ï¾‰>ï½¡â˜†)ï¾‰	
Î£(Â°Ğ”Â°Ï…)	
âˆ‘ãƒ¾(ï¿£0ï¿£;ï¾‰	
Î£(ï½¥Ï‰ï½¥ï¾‰)ï¾‰ï¼	
Î£ãƒ½(ï¾ŸĞ”ï¾Ÿ; )ï¾‰ ï½±ï½¯	
( âœ§Ğ”âœ§) OMG!!	
(à¹‘â€¢Ì€ã…â€¢Ìà¹‘)âœ§	
SRSLY?(ï¾Ÿâ”Ğ”â”“ï¾Ÿ ;)	
Î£ãƒ»ã€€ãƒ»(ã€€Ï‰ã€€ï¾‰)ï¾‰	
Î£(Â°Ğ”Â°ï¼›â‰¡ï¼›Â°Ğ´Â°)	
ãƒ½(illï¾ŸĞ´ï¾Ÿ)ï¾‰	
ã‚¨ã‚§â”Î£ãƒ¾(ï½¥Ï‰ï½¥Â´;)ï¾‰â”!!!!	
â”(((;ï¾ŸĞ”ï¾Ÿ)))â”!!!	
(ã€ï¾Ÿï¾›ï¾Ÿ)ï½£NOOOoooooâ”	
âˆ‘(ï½€â–¡Â´/)/ ï¾…ï¾†ï½¨ï½¨ï½²ï½²ï½²!!	
|||||ï¼(ï¿£ï¾›ï¿£;)ï¼¼|||||||	
ï¼ˆï¾Ÿï¾›ï¾Ÿ; ä¸‰ ;ï¾Ÿï¾›ï¾Ÿ)ï¾‹ï½²ï½²ï½²ï½¨ï½¨ï¼ˆï¾Ÿï¾›ï¾Ÿ; ä¸‰ ;ï¾Ÿï¾›ï¾Ÿ)ï¾‹ï½²ï½²ï½²ï½¨ï½¨	
ï¼¼(*ï¿£â–¡ï¼¼)ï¿£â–¡ï¼¼)ï¿£â–¡ï¼¼))))ï½µï½«ï½ï½¯ï¾„!!	
( ï¾Ÿ-ï¾Ÿ)( ï¾Ÿï¾›ï¾Ÿ)(( ï¾›ï¾Ÿ)ï¾Ÿ(((ã€€ï¾›)~ï¾Ÿ ï¾Ÿ	
(à¹‘â€¢ï¹â€¢)â‹†* â‘â‹†*	
(Ğ”ï¾Ÿâ‰¡ï¾ŸĞ”ï¾Ÿ)	
ãƒ½(Â´Ğ”ï½€ãƒ½ãƒŸãƒÂ´Ğ”ï½€)ãƒ	
Ñ‰(ï¾ŸĞ”ï¾ŸÑ‰)	
(Â´ï½¥Ï‰ï½¥`)?	
(ãƒ»ã¸ãƒ»)	
âŠ™.â˜‰	
(×¡_×¡;;)	
(ï¾ŸÏ‰ï¾Ÿï¼›)	
( ×“â—‹ ×“;)	
(×“ à¾Š ×“Â  )	
( â·ªÂ  à¾Š â·ªÂ  )	
(*ï¾ŸĞ´ï¾Ÿ*)ï¾„ï¾ï½·ï¾„ï¾ï½·	
â”£Â¨ã‚­(*ï¾Ÿâˆ‡ï¾Ÿ*)â”£Â¨ã‚­	
â”£Â¨ã‚­(*ï¾ŸĞ”ï¾Ÿ*)â”£Â¨ã‚­	
â”£Â¨ã‚­(*ï¾Ÿç›Šï¾Ÿ*)â”£Â¨ã‚­	
áµ’Ê°(â‘‰ãƒ»Ì†âŒ“ãƒ»Ì†â‘‰)É´á´	
à² à²¿_à² 	
(ëˆˆâ€¸ëˆˆ)	
(-à½» _ -à½» )	
(âª_âª)	
(âº â½ âº)	
(âº â½ â»)	
(â¼ . â½)	
(â»â–µ â»)	
×‘_×‘	
(à¹‘â€¢Ì€Ğ´â€¢Ìà¹‘)	
(Ê˜è¨€Ê˜â•¬)	
(Â°è¨€Â°æ€’)	
ï¼ˆê¦ğ…’_ğ…’ï¼‰	
Ê°áµ˜Ê° (ê¦â—‹_â—‹ï¼‰âœ§	
âœ§(ğŸ¦è¨€ğŸ¦â•¬)	
Ñ‰(`Ğ”Â´Ñ‰;)	
ï¼¼`â€¢Ì€ç›Šâ€¢ÌÂ´ï¼	
ãƒ½(`Ğ´Â´ï¼›)/	
(ï½€Ğ”Â´)	
ãƒ½(*ï½€ï¾ŸĞ”Â´)ï¾‰	
(â€¢Ë‹ _ ËŠâ€¢)	
ãƒ¾(ï½€ÎµÂ´)ï¾‰	
WHATÑ‰(ï¾ŸĞ”ï¾ŸÑ‰)	
(ã€€ï½€_ã‚Â´)	
(#ï½€ÎµÂ´)	
å‡¸(â‰¡Ğ´â‰¡)	
ï¼ˆï¿£^ï¿£ï¼‰å‡¸	
å‡¸(ï¾ŸĞ”ï¾Ÿ#)	
â”—â”€y(ï½·Â´ã‚œçš¿`)	
(@>çš¿<)	
(ï½™ï¾Ÿ ç›Šï¾Ÿ;)ï½™	
((ãƒ¾(â‰§çš¿â‰¦ï¼›)ãƒï¼¿))Fuuuuuuâ€”-ï¼	
â”—(ï½€Ğ”ï¾Ÿâ”—(ï½€ï¾ŸĞ”ï¾ŸÂ´)â”›ï¾ŸĞ”Â´)â”›	
!!!!|â”›*ï½€Ğ”Â´|â”›ãƒ»ãƒ»~~â”»â”â”»ã€€â”³â”â”³	
=ÍŸÍŸÍÍ(à¹‘â€¢Ì€Ğ´â€¢Ìà¹‘=ÍŸÍŸÍÍ(à¹‘â€¢Ì€Ğ´â€¢Ìà¹‘=ÍŸÍŸÍÍ(à¹‘â€¢Ì€Ğ´â€¢Ìà¹‘)DOIT.	
å‡¸ãƒ½(.ï½€ãƒ»Îµãƒ»Â´ï½¡)ï¼¦Ñ†ÑĞºÑƒĞ¾Ñ† !!	
ÎµÎµâ€”â€”-ãƒ½(*ï½€Ğ”Â´)ï¾‰ã€€YOU!!!!	
âŒ¨ â–ˆâ–¬â–¬â—Ÿ(`ï®§Â´ â—Ÿ ) Rage Quit!!!	
YOU THERE(â—‹ï½€Ğ´Â´)ï¾‰ï½¼STOP! Î£(ã£ï¾ŸĞ”ï¾Ÿ)ã£Eeeek!	
ï¼ˆ ê¦ê‰ºÏ‰ê‰º)ã¤)`Ğ”Ëš)ê˜à¼„Ø˜ Ë‘	
â”‰â”‰â”‰-Ë‹Ëå°ºå£å‚å°ºãƒ¾(ê‰º Ì±è¨€ ê‰º )ï¾‰ å°ºå£å‚å°ºËËŠ-â”‰â”‰â”‰	
(ğ“Œ»ï¸µğ“Œ»)	
(ğ“Œ»â€¸ğ“Œ») á´œÉ¢Êœ.	
â‚=à­ª â°™ à­ª=â‚	
ï½ï¼™(Â´Ğ”ï½€*) Yá´á´œâ€™Ê€á´‡ á´€É´ Éªá´…Éªá´á´›.	
(à¦­_ à¦­) Şƒ ï¼/ â”Š \ï¼¼ Hit the road!	
(((p(>o<)q))) Boo!	
p(â—ï½€â–¡Â´â—)q	
p(â•¬ Ã’ â€¸ Ã“)q	
p(â€²Ğ”`ï¾Ÿq)))	
( â€²Ğ”`)p	
ï½¡ï¾Ÿ.oï½¡ï½¬â”â”â”q(#ï¾ŸĞ·ï¾Ÿ#)pâ”â”â”ï¾€ï¾ï½§ï½¡o.ï¾Ÿï½¡	
( à¼‹ â¸ à¼‹ )	
(ã€€â˜‰Ğ´âŠ™)	
(Â´â—‘Ï‰â—`)	
( Â´ï¾Ÿ,_ï½£ï¾Ÿ)	
(*Â´ï¹ƒï½€*)	
_(:3 ã€âˆ )_	
_(â”ã€ŒÎµ:)_â¤_(:3 ã€âˆ )_	
( /Â¯ Â°3Â° )/Â¯Hey sexaaayy~	
ãƒ˜ï¼ˆã€‚â–¡Â°ï¼‰ãƒ˜ Whut	
((((((/Â´âŠ™Ğ—âŠ™)/KI-KI-KISS ATTACK!!â¤â¤â¤	
pssSST( ï¾Ÿâˆ€(ãƒ»ï¼ãƒ») I watched you sleeping last night..~	
(ï¼Šâ˜‰à±ª âŠ™ï½¡)ï¾‰	
_(Â´Ï‰`_)âŒ’)_ã€€ï¼‰ï¼‰ï½½ï¾ï¾˜ï½½ï¾ï¾˜*Crawl*~	
(Â´âŠ™â—âŠ±â€‹â—ŸâŠ™ï½€)â€‹	
(Â´â—‰â—à±ªâ—Ÿâ—‰)	
(Â´â—‰â—âŠ–â—Ÿâ—‰ï½€)	
ï¼¼( Â´â—”â€¿ã‚â—”â€™)ï¼Booo~!	
Huff(:.;ï¾Ÿ;Ğ”;ï¾Ÿ;.:)Huff	
(*.;Â´;Ğ”;`:,);ï¾;ï½€;:ï¾;ï½€;:Aah~Stop iiiit~â™ª	
ğŸ•·( Í¡Â° ÍœÊ– Í¡Â°)ğŸ•·	
(Â´â‰–â—à±ªâ—Ÿâ‰–ï½€)	
â–‚( â€¢à¥¢â—¡-à¥¢)-â™¡	
(â€¢ğŸ—¢â€¢)ğŸ—¡	
( Â´â˜£///_ã‚///â˜£ï½€)	
( Â´à°¥,_â€¥à°¥ï½€)	
( Â´à°¥à±ªà°¥)	
( â—‰â—à±ªâ—Ÿâ—‰)	
(â—â‰¼â“ªâ‰½â—Ÿâ‹Œâ‹šâ‹›â‹‹â—â‰¼â“ªâ‰½)	
(â—â‰¼â˜‰â‰½â—Ÿâ—à±ªâ—Ÿâ—â‰¼â˜‰â‰½â—Ÿ)	
(â—â‰¼â—‰à¸·â‰½â—Ÿ;ï¨—;â—â‰¼â—‰à¸·â‰½â—Ÿ)	
( à° àµ à°  )	
(-Ì€â—à¥®Ì¯â—Ÿ-Ì)	
(-Ìâ—à¥®Í™à¼™â—Ÿ-Ì€)	
(à¹à¹‡àªŸà«„â—Ÿà¹à¹‡ )	
( Î„â—à¸´ .Ì«.Ì« â—Ÿà¸´ Ì‘Ì‘â€µ)	
|Ï‰ãƒ»)	
ê(Â¦ 3[â–“â–“]	
ê(:Ë’[â–“ï¸â–“ï¸]	
(:Ë’[ï¿£] áµáµ’áµ’áµˆ â¿á¶¦áµÊ°áµ—	
(:á˜Œê‡¤[ï¿£]	
(:âê‡¤[â–“ï¸â–“ï¸]	
=ÍŸÍŸÍÍâ™¡(ã€‚-Ï‰-)zzzâ€¦	
(>.<) zzZ	
zzz Ë˜â—¡Ë˜ á¶»á¶»á¶»	
â“©â“©â“© êˆ â—¡ êˆ â˜½Ëšï½¡â‹†.	
(âá´—Íˆ Ë¬ á´—Íˆ)á¶»á¶»á¶»âœ§	
â‘…áµ•à¼šáµ•Ë–Ëšâ˜½	
( â€²ï½â€µ) omnomnom	
(Ë† Ú¡ Ë†)yum!	
omnomnom(à¹‘Â´ã…‚`à¹‘)nomnomnom	
(ã£Ë˜Ú¡Ë˜Ï‚)	
( Ë˜â–½Ë˜)ã£â™¨	
(à¹‘Â¯à¸´Ì‘ï¹ƒ Â¯à¸´Ì‘à¹‘)	
( à²•ï¹ƒ à²•Ì´ )	
(à¹‘â˜‰ï¹ƒ â˜‰à¹‘)	
Foooooodâ€¦Ô…(Â¯ï¹ƒÂ¯Ô…)	
â™¡ ğ–‹ğ–Šğ–Šğ–‰ ğ–’ğ–Š(ã†uã†ÊƒÆª)â™¡	
*.ğ‘ğ‘ğ‘˜ğ‘’(à·†â›à¸±â—Š â›à¸±ÊƒÆª)ğ‘ğ‘™ğ‘’ğ‘ğ‘ ğ‘’ â‘…à¿“	
(à¹‘Ë‡ÎµË‡à¹‘)lalaâ€¢*Â¨*â€¢.Â¸Â¸laaâ™ª	
â™ªâ™ªâ™ª ãƒ½(ï½¥Ë‡âˆ€Ë‡ï½¥ã‚)	
â™¬â™©â™ªâ™©(ã€€â—œâ—’â—ã€€ )â™©â™ªâ™©â™¬	
((ãƒ½(à¹‘â•¹â—¡â•¹à¹‘)ï¾‰))â™¬	
â™«ãƒ½(ã‚œâˆ‡ã‚œãƒ½)â™ªâ™¬(ãƒã‚œâˆ‡ã‚œ)ãƒâ™©â™ª	
(*ï¾‰ãƒ»Ï‰ãƒ»)ï¾‰â™«â™©ãƒ½(ãƒ»Ï‰ãƒ»ãƒ½*)â™¬ãƒ½(*ãƒ»Ï‰ãƒ»)ï¾‰	
Ù©(à¹‘â›á´—â›à¹‘)Û¶	
âœºâ—Ÿ(âˆ—â›à¸±á´—â›à¸±âˆ—)â—âœº	
ï¼¼ï¼¼\(Û¶â€¢Ì€á´—â€¢Ì)Û¶//ï¼ï¼	
(-ã€‚-)y-ã‚œã‚œ	
(â–”â–€ â€¿ â–”â–€ )áƒš â–‚â–‚âŒ‡	
Îµ=(ã£â‰§Ï‰â‰¦)ã£	
ãƒŸãƒ½ï¼ˆã€‚ï¼ï¼œï¼‰ãƒ	
Îµ=â”Œ(;ï½¥_ï½¥)â”˜	
( Ë™ï¸¶Ë™ â‰¡ Ë™ï¸¶Ë™ â‰¡ Ë™ï¸¶Ë™ )	
á•™(ï¼ Â°â–½Â°ï¼ )á•—	
(* >Ï‰<)=3ACHOOE!	
â”€=â‰¡Î£((( ã¤â€¢Ì€Ï‰â€¢Ì)ã¤LETâ€™SGO!	
(ï¼›ã‚œâ—‹ã‚œ)ã‚¢	
ï¼ˆï¿¢Ğ·ï¿¢ï¼‰Ïƒ	
(*ãƒ»)ÏƒÏƒ(*ã‚œOã‚œ)	
(Â´ï½¥Ï‰ï½¥`)Ïƒ)Ï‰ï½¥ï½€)	
( à¹‘â€¾Ì€â—¡â€¾Ì)ÏƒÂ»	
(oï¿£âˆ‡ï¿£)=â—¯)`Î½ã‚œ)	
(â—‹ ï½€ï½°Â´)â—‹â˜†)ï¾Ÿoï¾Ÿ/	
(â—ï½€ãƒ»Ï‰ãƒ»)=ï¼¯)ï½€-Ğ´ã‚œ)	
â–¼ãƒ»á´¥ãƒ»â–¼	
(â° ê“ƒ â°ã—)	
â™¡(á¢ á´¥ á¢ã—)	
à«® Ë˜ï»ŒË˜ áƒ	
â–½ï½¥ï½ªï½¥â–½ï¾‰â€	
à©¯â€¢ à»’ê’± áµâ€	
É… É…(âÂºâ—¡Âºâ)	
( â“› Ï‰ â“› *)	
/á ï½¡êˆï½¡áŸ\	
(=ğŸ¦ à¼ ğŸ¦=)	
Ë“Ë“à¸â‚â¸â¸ŒÌ£Ê·Ì£Ì«â¸Ì£â¸Œâ‚à¸„Ë’Ë’	
(âŒ¯ãƒ»â–¾ãƒ»âŒ¯)	
Ê•ã€€Â·á´¥Ê”	
Ê•ã€€Â·á´¥Â·Ê”	
Ê•Â·á´¥Â·ã€€Ê”	
Ê•á´¥Â·ã€€Ê”	
Ê• ï¾Ÿ â— ï¾ŸÊ”	
Ê•ï¼› â€¢`á´¥â€¢Â´Ê”	
Î£Ê•ï¾Ÿá´¥ï¾Ÿï¾‰Ê”ï¾‰	
â€œÏ†Ê•â€¢á´¥â€¢oÊ”	
Ê•*ï¾‰á´¥ï¾‰Ê”	
Ê•Â´â€¢á´¥â€¢`Ê”Ïƒâ€	
Ê…Ê•â€¢á´¥â€¢Ê”Êƒ	
Ê•ãƒ)á´¥(ãƒ¾Ê”	
Ê•/ã€€Â·á´¥Â·Ê”/	
Ê•â•¯â€¢ âŠ± â€¢â•°Ê”	
Ê•â˜á´¥ â˜œÊ”	
Ê•á´¥â€¢ Ê”â˜	
Ê•Â´â€¢á´¥â€¢`Ê”	
Ê•â™¡Ë™á´¥Ë™â™¡Ê”	
Ê•â‰§á´¥â‰¦Ê”	
â•²Ê•Â·á´¥Â·ã€€â•²Ê”	
Ê•â€¢á´¥â€¢Ê”	
Ê•ï¿«á´¥ï¿©ã€€Ê”	
Ê•â€¢ã‰¨â€¢Ê”	
(Ã³ã‰¨Ã²)ï¾‰â™¡	
á¶˜ áµ’ã‰¨áµ’á¶…	
Ê•Â´â€¢ã‰¨â€¢`Ê”	
Ê•ã€€Â·ã‰¨Â·Ê”	
Ê•â‰§ã‰¨â‰¦Ê”	
Ê•ã£Ë˜Ú¡Ë˜Ï‚Ê”	
à³§. á´¥ .à³§	
â‚á¢ Ì¥ â€ Ì Ì¥â€á¢â‚	
â‚á¢ Ì¥ Ì Ì¥á¢â‚ â™¥	
â‚á¢ Ì¥ Í‰ Ì¥á¢â‚	
â‚á¢ Ì¥ Ì® Ì¥á¢â‚ *:ï½¥ã€‚	
á´„ÊœÉªÊŸÊŸÉªÉ´â€™ê‰‚â‚á¢ï¹˜Ü«ï¹˜á¢â‚	
â‚á¢ï½¡Ü«ï½¡á¢â‚	
â‚á¢ï½¡ Ë¬ ï½¡á¢â‚	
â‚á¢.Ë¬.â‘…á¢â‚	
â‚á¢.â€¸.â‘…á¢â‚â†	
â‚ á¢. Ì« .â‘…á¢ â‚	
â‚á¢â¸â¸ â€ºã€€ Ì« â€¹ â¸â¸á¢â‚âœ§â€§.	
ÊœÉªâšâ‚â‘…á¢.Ë¬.á¢â‚â™¡	
â‚â‘…á¢â€ºï»Œâ€¹á¢â‚âšŸ Ê¸áµ’	
Êšâ‚â‘…á¢.ï»Œ.á¢â‚É	
Êšâ‚â‘…á¢â€¸ã€€ Ì« ã€€â€¸á¢â‚É	
â‚â‘…á¢â€¸ã€€ Ì ã€€â€¸á¢â‚ â™¡Íªâ™¡Í¥	
â‚â‘…á¢ â€ºÌ¥Ì¥Ì¥ â€¸ â€¹Ì¥Ì¥Ì¥ á¢â‚	
â‚á¢ï½¡Âºá²Âºï½¡á¢â‚	
â‚á¢ï½¡á¤á²á¤ï½¡á¢â‚	
â‚á¢ï½¡áŸµá²áŸµï½¡á¢â‚	
â‚á¢â‘…á¢â‚	
â‚â‹‚â‘…â‹‚â‚	
á•±â‘…á•±	
(áµ”á´¥áµ”)	
á˜›âÌ¤á•á·	
á˜›âÌ¤á•á¶	
á˜›âÌ¤á•á‘€	
á˜›âÌ¤á•â©º	
Æ¸ÌµÌ¡ÓœÌµÌ¨Ì„Æ·	
â€à®ã€°	
ã€œã€œ(ï¼ï¿£â–½)ï¼ã€€ã€œÑ„ Chasing a butterfly	
â›â(â€¢Ì€ â€¿â€¢)â â	
â›â(â€¢â±…â€¢)â â	
â›â(Ê˜ â±… Ê˜)â â	
â›â(âŒ’â±…âŒ’ )â â	
â›â(á  á¢ á )â â	
â›â( ` á¢ Â´ )â âáµáµ˜Ê°áµƒÊ°áµƒ	
(ã‡(â€¢Ì€ á¢ â€¢Ì )ãƒ)	
(ã‡(â™¡ á¢ â™¡)ãƒ)ğ”Ÿğ”©ğ”¬ğ”¬ğ”¡â€¦	
(ã‡(â‹† ï¾Ÿã€€ àº¶ ï¾Ÿâ‹†)ãƒ)	
/ï¼¼ ï¼¾ğ…’_ğ…’ï¼¾ ï¼\	
/ï¼¼ ^.Ë.^ ï¼\	
/ï¼¼ ^.â•´Ë.^ ï¼\	
â—¢â–…â—£Îâ—¥â–…â—¤Îâ—¢â–…â—£Îâ—¥â–…â—¤	
â˜† Ò‰ â—¢â–…â—£Îâ—¥â–…â—¤Îâ—¢â–…â—£Îâ—¥â–…â—¤ Ò‰ â˜…	
/â•²/\(â•­â€¢Ì€ï®§ â€¢Ìâ•®)/\â•±\	
<>â°…<	
ê’°ê’¡ê†šê’¡ê’± (koala)	
For youâ€¦(Â´ãƒ»Ï‰ãƒ»)ã£ç”±	
[ï¼¼ï¼]â€¦..Ï†(ãƒ»Ğ´ãƒ»ã€‚) Happy birthdayâ™ª	
â˜…+ï½¡ï¾Ÿ(*â‰§Ğ·â‰¦)Ï†â€¦ï¼¨ï½ï¼°ï¼°ï½™ ï¼¢ï½‰ï½’ï½”ï½ˆï¼¤ï½ï½™	
â”¤Ğ”å°¸å°¸Ğ£ï½¡+ï½¡(âˆäººâ€™v`â—†)ï½¡+ï½¡æ—¥iĞ¯ï¼´â”œâ”¤ï¼¤Ğ”Ğ£	
(*â‰§âˆ‡â‰¦)ï¾‰ï¼œâ€»*ãƒ»:*:ï½€â™ª:*:ã€‚*ãƒ»â˜†*	
Congratulations!!â˜…(*^-ï¾Ÿ)âŒ’â˜†	
Happyâ™ªãƒ¾|*ï¾Ÿâˆ€ï¾Ÿ*|ï¾‰â€ Birthdayâ™ª	
ï½¡ï¾Ÿï¼â˜†ã€€ÎµÎµÎµ(*Â´Ğ”ï½€*)_ç•„ Present for you~	
ï½¥:ï¾Ÿ*:ï½¥ï½¡ï¾Ÿã‰èª•ç”Ÿæ—¥(â˜…Â´âˆ€ï½€)ä»(Â´âˆ€ï½€â—)ï½µï¾’ï¾ƒï¾ï¾„ï¾‹ï½¬ï¾ï½¥:ï¾Ÿ*:ï½¥ï½¡ï¾Ÿ	
ãƒ¾(â˜†ï¼¾Ğ”â€™)o*â˜…*â€•ãŸã‚“ã˜ã‚‡ã…ã³ ãŠã‚ã§ã¨ã…â€•*â˜†*o(â€˜Ğ”ï¼¾â˜…)ï¾‰ï¾	
ã€BIRTHDAY PUNCH!!ã€o(â—‹>Ğ”	
â™ªĞ²iÑÑ‚Ğ½ï¼¤Ğ°Ñƒãƒ½(Â´Ğ”ï½€*)ï¾‰ â™ªãƒ½(*Â´Ğ”ï½€)ï¾‰DĞ°Ğ¹ÑÑ‘â™ª	
â™ªèª•ç”Ÿæ—¥ãƒ½(ãƒ»Ï‰ãƒ»)ï¾‰ â™ªæ‰Ã—ãƒ½(ãƒ»âˆ€ãƒ»)ï¾‰ â™ªãƒ½(ãƒ»Ï‰ãƒ»)ï¾‰ã€’ï¾â”œ â™ª	
ã€‚âˆˆãƒ»^ãƒŸÎ²(*Â´Ï‰ï½€äººÂ´Ï‰ï½€*)*:..ï½¡oâ—‹â˜†*ï¾ŸÂ¨ï¾ŸMerry Christmas .ï½¡.:*	
â˜†*:;;;:*ï¼­ï½…ï½’ï½’ï½™ãƒ½(*ï¾Ÿâˆ€ï¾Ÿ)äºº(ï¾Ÿâˆ€ï¾Ÿ*)ï¾‰ï¼¸â€™ï½ï½ï½“*:;;;:*â˜†	
(ï¼¾âˆ‡^*)ãƒâŒ’â˜† -=â˜… -=â˜†*Merry Xâ€™mas*â˜†	
ãƒ»:ï¼Œã€‚â˜…ï¼¼(*â€™vï½€*)â™ªmerryXmasâ™ª(*â€™vï½€*)/â˜…ï¼Œã€‚ãƒ»:ãƒ»ã‚œ	
ç”±âŠ‚(Â´âˆ€ï½€*)>*I got you a present~â™ª	
Christmas((ã€€,,ãƒ»Ğ·ãƒ»,,ã€€))Kissâ™ª	
*	
ï½¡âˆ (*ãƒ»Ï‰ï½¥)ã£âŒ’ç”± For you~	
â§á´¿á´µá´¾â«â—Ÿâ—Ÿâ—Ÿâ—Ÿâ—Ÿâ—Ÿâ—Ÿâ—Ÿ â€â—Ÿ(Ã³ Ì¯ Ã², )	
(X_X) â˜œ (â—‰â–‚â—‰ )OH SHIET HE DIED	
(â—Ê˜Ì…ã…ˆÊ˜Ì…â—) # Kumamon	
(ï½¡â–¼çš¿â–¼) # Darth Vader	
â•°â—â—Ÿâ‰–â—à±ªâ—Ÿâ‰–â—â—œâ•¯ # Yoda	
â°â‰€.â˜®-â˜®â‰€â° # John Lennon / Hippie	
Ê• â€¢ÌØˆâ€¢Ì€) # Winnie The Pooh	
Î¨(Î˜)_(Î˜)Î¨ # E.T.	
ï¾Ÿï¾Ÿâ”Œâ”´oï¾Ÿï¾Ÿï¾Ÿï¾ŸÂ° # The Matrix (Movie)	
[^._.^]ï¾‰å½¡ # Nyan-Cat 1	
â—Ÿ[Ë³_Ë³]ÊŒË½ÊŒ # Nyan-Cat 2	
(â—â€™oâ€™â—) # Anpanman	
^(#ï½€âˆ€Â´)_Î¨ # Devil	
â€ _(ï¾Ÿï½°ï¾Ÿ*)Î² # Angel	
â˜†ï¾Ÿï½¥*:.ï½¡.â˜†â€ _(ï¾Ÿâ–½ï¾Ÿ*)Î²â˜†.ï½¡.:*ï½¥ï¾Ÿâ˜†< # Cupid	
(o^-^o) # Pikachu 1	
(à¹‘â—•Ü«â—•à¹‘) # Pikachu 2	
Î¶,,ï¾ŸĞ”ï¾ŸÎ¶ # Muck	
(=ãƒ®=)Î½ # North Italy	
Wå»¿_å»¿) # America	
ï¾ï¼›-ã€-] # Germany	
ï¼ˆ[âˆ‚]Ï‰[âˆ‚]ï¼‰ # America	
(è¨€_è¨€) # England	
ï¼ˆï¼¾ã—ï¼¾ï¼‰ # Russia	
(Â´ç‚¹ï½€*) # France	
ï½Ï„Wâ€™ãƒ¯â€™) # China	
(ã€‡âˆ€ã€‡`)ã€€# Lithuania	
(ï½¡â—ï¼¿â—ï½¡å·)ã€€# Latvia	
( â–¡ãƒ¼â–¡)ã€€# Estonia	
( â‰¡ )ã€€# Ukraine	
å·ï¾Ÿè¨€ï¾Ÿ)ã€€# Belarus	
ï¼·ï½€ãƒ¼Â´)ã€€# The Netherlands	
å¹ºï¾šè¥¾_è¥¾)âŒ’ã€€# Austria	
(â”€â€¿â€¿â”€.) # Konata (Lucky Star)	
(=â€¿â€¿=.) # Konata 2 (Lucky Star)	
o((=ï¾Ÿã‚§ï¾Ÿ=))o # Doraemon	
ï¼¼(â—)ï¼ã€€# Zero / Lelouch (Code Geass)	
Letâ€™s make(â—•â€¿â€¿â—•)a Contract # QB / Kyuubey (Madoka)	
ï¼äººâ—• â€¿â€¿ â—•äººï¼¼ # QB / Kyuubey 2 (Madoka)	
Î¾(^Ğ´^)Î¾	
Î¾(^Ï‰^)Î¾ã€€ãŠã£ãŠã£ãŠ	
Yãƒ¾ï¼ˆã‚œâ–¡ã‚œ@ï¼‰	
Î¥(@Â°Ğ”Â°@) â†‘	
ãƒ¾(ï¾Ÿâ–¡ï¾Ÿï¼ )	
ãƒ¾(ï¾Ÿâ–³ï¾Ÿï¼ )	
ãƒ¾(ï¾ŸĞ”ï¾Ÿï¼ )	
